Sheet Name,Metaheuristic,Seed,Best Sequence,Best Makespan,Iterations,Time
VFR400_60_10,RandomSelection,0,"[240  82 356  76  58  24  85 290 348  50  57  49 108 233 302 276 304   9
 177 281  77 212 101  52 117  67  63  99 266 361 307 272  11  30  17  13
  34  33  35  25  42  14  36 351 221  44 112  27   4 110 155  10  41  39
  97 218  98 298  94  12  96  93  28  92  68  71  60  64  59  47  46 195
 113 115  55 116  75  79 347  91  88 118  89 120 289 288 226 295 225 297
  84 303 125  83  48 129  81 255 253 257 202 258 265 301 123  86 109 128
 229  80 121 227 224 376 122 222 219 211 286  29 201 203 204 199 217 197
 200 215 291 198 208 209 213  62 210  26 132 207 206 119 205 194 193 187
 188 192 190 189 191 186 184 196 185 131 183 170 231 230 142 134  70 136
 137 138 135 139 141 143 154 232 144 145 146 147  90 151 148 149 216 152
 150 157 182 180 236 153 174 176 178 175 235 173 181 171 130 179 160 169
 158 168 246 165 159 162 163  21 172 237 287 245 248 247 249 239 238 244
 243 305 242 299 250 306  61 228 103 104 259 275 251   7  73  53 220 262
 280 261  66 278 271 274 270 277 391 268 260 267 127 241  87 106 292 293
 252  65 323 264  16  18  19  23 105 269 273 166  15   2   0 374   3 100
  32 124   5   6 254  22 354 279 126 282 283 313 296 311 312 284 385 310
 309  38 308 315 394 398  51 364 342 396 390 395  20 387  43 389 388 392
 393 381 383 382 164 380 378 314 317 263 371 379  56 372 377 369 375 167
   8 320 363 318 362 357 370 358 359 360 365 355 368 367 366 223 352 345
 346 285  74 338 344 343 341 111 373 234 337  69 156 335 336 334 340  37
 333 332 107 331 330 329 161 328 339 327 294 326 325 324 133   1 256 140
 321  40 319  72  95  45 316 386 397 349 300 102 350  54 384 322 114  31
  78 353 214]",26760,40,123.21971201896667
VFR400_60_10,QLearning,0,"[240 288  76 353  29   4  57 373 354 304 348  49  64 318  56  51 377 108
 194 107  52  62  63 100 102  99  50  77  13   9 276 307  12 272 121  98
  58  14 299 266 286  11  17  30  34  79  35  25  44 116  33  71  70  92
  74  42  43  48  45  41  39  38  67  10  97 110  93  95  73 117 109  28
  68 337  46 257  55 112  47  27 113 115  90 258 253 254 120  89  75  83
  84  85 125 118 126 297  91 119  88 302 303  82 287 289 221 290 294 295
 301 300  86 296 124 222 228 104 227 298 123 201 224 291 225 229 265  37
 127 216 129  80 130 218 202 211 197 158 200 210 198 195 196 206 207 209
 215  81 205 208 193 187 188 170 192 191 190 189 186 185 199 184 183 357
 232 132 138 133 137 231 134 329 142 230 131 135  87 136 375 140 143 141
 139 148 146 144 147 152 150 149 153 181 151 128 174 180 156  40 182 236
 157 175 155 164  69 177 176 178 172 213 179 173 169 235 220 167 171 168
 233 165 163 159 237 160 162 238 245 306 249 166 239 246  94 267 247 250
 259 244 261 248 241 103 217 280 262 305 243 260   7 154  66 251 271 278
  24 274 270 223  32 275 292 106 293 268 264  61 252 273  19  18  65  16
  20 269 105  23   3   6  21  22 203   2  15 279   5 281   1   0 282 285
 283  36 398 284  96 314 311 312 313 394 315 214 396 390 226 310 385 387
 364 391 393 395 389 309 388 263 308 392 356 122 381 382 371 383 378 379
 380 317 384 369 372 367 326 374 320 363 361 255 362 370 368  59 360 345
 339 336 376 358 359 366 365 340 346 242 338 344 347 342 341  72 256 352
 343 334 234 111 355 325 328 204 321 322 332 331 323 324 333 335 330 212
  26  54   8  53 327 351 219 397  60 386 161 316 277 145 319 349  31 101
  78 114 350]",26833,168,1132.4859447479248
VFR400_60_10,RandomSelection,42,"[240  82 356  76  58  24  85 290  84  50  57  49 108 304 256 348 276  77
   9  63 302  52 177  67  18  99 117 101  80 272 266  17 212 299 307  14
 180  30  13  33  35  25  72  36 221  44 155  34  41  42  27  96  10  97
 218  98 298  94  93  64  71  68  60 112  46  47  59 110 195  55 116  75
 113  79 347 225 288 118 361  88 226 289 295 211 297 125  89  83  48 253
 258 257 202 265 301 123  86 109 121  92  81 128 219 376 286 122  29 224
 227 203 204 210 199 208 229 217 197 198 312  62 215 250 213 209 119  91
 207  39  26 132 205 193 194 192 187 188 190 189 191  73 184 131 183 196
 186 170  21 185 129 231 134 154 135 136 137 138  70 120 139 147 141 232
 230 143 144 146 145 152  90 156 216 148 149 153 151 150 173 157 158 275
 182  37 236 175 339 174 176 178 179 181 235 169 142 168 172 233 130 171
 246 165 167 163 162 159 160 164 237 287 245 248  61 247 249 239 238 244
 111 243 273 201 242 228 306 263 103 104 251 260   8 259   7 268 278 261
  19 220  53  66 280 270 274 271 127 277 200 241 292 291 328  65 264 106
  16  87 267  20 269 303  15  23  22 254 105   4   3   2 166 124   0 374
  32   6   1   5 279 281 126 293 296 282 283 313 284 354 314 311 385 310
 309  38  28 315 308 394  11 398 391 364 342 100  51 396 390 395 389 387
  43 388 392 393 383 379 382 381 378 377 317 371 372 369 380 373 375  56
 363 362 360 365 115 366 370 368 318 359 337 357 320 206 338 358 355 345
 352 223  74 285 346 367 344 343 341  69 335 336 255 334 340 333 234 107
 332 331 252 330 329 222 161 327 323 325 326 294 324 305 133 321 140  40
 319  95  45 316 386 397 351  12 349 300 102  54 322 114 350  78  31 353
 384 214 262]",26658,43,151.7138373851776
VFR400_60_10,QLearning,42,"[240 121  82 275  53  65 233  37  67  52  73  75  47   1  64   0  48  60
   7  14  51  38  29 135  63  70 290  77  42  26  57  22  27   4 304  46
  69 328  68 113 179  56  25 274  76  44  39   2 140  79  41  49  93  24
 189  17 232  50  21  71 194 114 134  32 124  72  36 131 329 115 155  91
 100 150 354 141  80 297 104  81  30  85  13 101 126 227 112 103 151 147
  94  84  86  97 111 337 157 128 123  89 122  55 102  90  92 127 133 146
 105 319 116 196 108 129  96 118 148  59 106 132 110 364 107 138 156 117
 130 144 120 139  62 215 165 208 200 198 226 224 119 176 170 235 137 169
 202 136 172 174 214 160 210 295 213 216 222 204 197 186  33 264 162  88
 184 161 166 182 152 177 109 394 181 173 229 220 206 188 335 175 256  87
 250   6 231 225 159 370 168  58 228 193 183 230 236 201 207 195 171 205
 185 271 218 199 336 221 203 191 192 167 178 306 211 143 265 180 281 223
 277 314 292 286 321 298 219 217  98  40  83 280   3 260 311 285 154 288
 163 258 307 310 249 254 398 269 289 276 283 253 238 259 248  10 257 302
  15 241 387 261  66 252  12 245 209 347 239 299 315 282 305 296 244 301
 287 293 300 303 291 352 272 278   9 255 242  43 267 273 312 266 313 385
 270 246 145 268 237 190 357 368 320  34 279 343 333 349 365 377 384 332
 340 323 390 373 395 309 383 344 374  19 325 366 331 391  74 322 308 324
 396 382 247 393 158 334 142  18 376 187 327 355 318 379 251 372 346 164
 371  16 363  45 378 212 392 338  11  99 381 397 153 330  61 356 284 388
 380 353 149 375  78 348 367 317 362 358 339 345 263 359  28   5 389 326
 341 386 360  35 361  54  20 369 243 316 294 262 342  23 350 351 125  95
  31 234   8]",27005,144,945.585205078125
VFR400_60_10,RandomSelection,93,"[356  25  76  82 304  24 224  50  57  49 290 302 348 108  62   9  77  63
  52  67 117 101  99  58 266 256 212  11 307  37 272  13  17  30  28  14
  34  33  36  35 221  44  27  39  41  42 155  97 218  84 298  98 247  93
  92  73  96  71  72  12  68  64  60  55 153  94  59  47 361 112 115 195
 113 116 100  75  79  46 119 347  91  89  88 118 303 289 225 288 295 226
 297 125  83 120  48 253  81 129 202 257 255  85 301 123 258  86 265 109
 121  80 122 286 229 376 128 227 219 222  29 203 217  22 211 201 204 197
 199 198 208 200 210 213 209 215 207 132 206 188 194 180 205 193 196 192
 177 187 216 190 189 191 142 186 185 131 170 183 231 230 134 135 136 137
  10 139 141 232 138 143 145 144 146 150 147  90 151 148  70 236 158 157
 152 182 175 174 178 176 179 181 235 173 233 130 169 168 171 172 305 355
 246 167 163 165 249 162 149 160 237 238 184 164 299 248 159 245 239 287
 242 243 244 240 306 228 250 263 220 104 260 261 280  61 262 259 103  53
   7 251   8  66 154 278 271 274 276 110 270 127 275 283 277  87 267 268
 241 291 264 273 293  65 292 252  21  23 105 269  20  19  16  18 106 254
  15   4   2   3 166 124   0 374  32   1   5   6 296 281 282 284 285 308
  38 309 310 354 126 311 312 313 314 315 394  74 398 391 342 364  51 396
 385 395 390 387  43 389 388 392 393 381 384 383 382 380 378 379 318 377
 373 372  56 371 317 375 320 369 363 357 360 362 358 359 365 338 366 367
 368 370 352 279 223 346 345 344 343 341 337  69 111 234 156 336 334 340
 335 333  26 107 332 331 330 329 161 328 327 325 326 294 324 323 133 339
 140 321  40 319  95  45 316 386 397 351 349 350 102 300  54 322  31 114
  78 353 214]",26999,42,110.25033164024353
VFR400_60_10,QLearning,93,"[288 240 267 189  56 115 121 348 131  17  82 299 155 378 222   1 136  58
   3   2 307   7  43  10   5   9 298  14 366  16 159 233  18 334  77  20
 270  22 145  24 290  23  27  36  33  35 140 109  38  41  45 383  46  47
 120 179  50  49  54 151 356 354  55  57  59  61  65  67  39  12  29  69
  71  19  90  72  73  75  76 104  68 154 134  81 316 203  13  84  86 277
 107  87  88 303 361  89 153 142  92  96 102  98  97 101 110  79  15  34
 106 105  78 201  64 116 100 114 122 118 123 129 164  30  93 349 146 135
 138 127 144 147 148 149 132 150 128  83 157 160 169 162 158 111 166 168
 170 181 171 172  66 174 192 176 178 175 180 152 173 182  70 117  48  42
 184 216 212 185 186 188 195 190 165 194 204 197 198 199 200 196 202 205
 206 207 113 208 209 141 211 389  52 215 213 218 221 210 244 224  91 388
 137 225 226 229 227 231 232 235 230 265 247 220 193 187  94 391 274 236
  37   4 238 260 242 243 264  26 248 241 259 250 246 253 254 239 257 258
 266 281 119 317  99 261  11 263 268 271 272 276 278 280 245 282 283 275
 285 219 287 323 289 124 367 291 286 293 295 217  62 301  44 297 304 305
 302 306 309 310 177 311 313 126 139 191  74   8 315 237 296 318 319 320
 321 308 322  53 314 324 325 327 328 312 329 330 341  51 331 333 326 269
   0 335 332 336 337 338 369 340 125 343 342 344 284 345 346 133 279 347
 357  28 350 351  63 352 355 255 358 359 360 362 363  25 364 365 368 156
 167 370 228 143 371 392 183 372 373   6 374 385 103 112 292 375  32 256
 377 387 382 379 380 252 376 163 381  85 384  40 390 108 386 223 130 393
 395 294 339 251 396 273 300 397 398  21 161 394  60 353  80 234  95 262
 249 214  31]",26835,54,384.9430146217346
VFR400_60_10,RandomSelection,7043,"[ 82  67 199 348  64 155 240 189 115 135  56  17   1  58 136   3   2   7
   5  12   9  43 298  14  16 354  77 159  18  79 233 231  24  23  22  20
  27  36  31  33  29  35 299  59  41 109  38 260  39  45  95  42 383  47
  46  50  10  49  52  54 356 108 149  55  57  63  61  65  19  90  73  76
 104  75  13  81  84  89 388 112 116 117  15 107 110 106  34 105  98 102
 101  99  91  96  94  88  97  87 118 119 100 120 121 122  92  26 127 125
 123 133 164 131 129 132 134  93  30 142 140 139 138 144 145 146  44 147
 150 148 151 153 128  68 157  83 161 162 166 174 158 175 169 111 168 165
 152 172 171 170  66 185 179 176 173 160 181 180 184  70 216 178 192 188
 190 195 113 194 198 196 197 202 201 212 209  69 268 207 208 215 206 200
 211 213 154 204 389 114 141 186 219 221 218 224 210 223 313 137 226 227
 229 236 230 235 228 232 265 220 193 187 238 239 242  37 243 246 237 250
 264 248   4 247 251 244 217 252 253 256 254  11 317 258 257 241 259 261
 263 266 281 274 269 267 271  48 272 273 275 277 280 276 278 245   6 283
 282 351 285 287 323 288  62 292 293 286 294 295 291 124 290 289 126 297
 304 301 302 182 305 205 306 307 177 310 309 311 312 314 315 191 303  74
  53   8 324 234  86 322 308 395 320 321 318 319 326 316 296 325 328 327
 329 330 203  51 331 332 333 334 335 338 337 336 369 342 340 341 343 344
 284 345 346 279 339 349 357  28 352 355 300 353 347 360 358 350 359 361
 362 363  25 364 366 365 367 156 368 167 370  78 143 371 183 392 372 373
 374 385 225 375  32 376 377 270 382 255 378 379 380 381  85 384  40 222
 390 103 386 163 387 130 393  71 391 396  72 394 397 398  21  60   0  80
 262 249 214]",26920,49,161.6952486038208
VFR400_60_10,QLearning,7043,"[240 288 304 354 318 299  25  79  58 258  67 170  24  57  49 108 348  63
  91  50  96  99  11  13  12 106  77   9 307  92 272  21 208 156 286 266
  14  30  28  17 107  33  35 296  47  36  44  70  43  42  41  39 227  10
  97 155 135  32  27  26 180 302 149 110 109  95  93  74  73  71 257  69
 328  68  98  64  56  55 117  46 111 113 112 115  48  75  87  76 118  90
 255 245 253 303  51  83  85 126  89 125 294 297 295 289 124 301 139  88
 123 298 290 101  86  81 121  80 127  82 128 120 130 265 229 225 116 224
 226 104 228  29   4 276 132 218 217 212  62 211 201 202 203 213 196 119
 197 199 263 200  45 195 210 214 215 216 198 209 361 205 207 193 194 192
 187 188 191 190 140 189 185 131 204 184 186 232 231 138 137 152 134 230
 133  59 145 141 136 143 144 146 147 148 154  52 221 150 157 158 236 182
 174 151 153 176 177 181 179 178 173 233 171 169 161 220 234 172 168 166
 167 237 164 163 247 248 238 165 162 159 239 332 241 243 244  40 242 250
 306 305 103 261 280 259 246 260   7 251  66  53 271 274 262 270 277 267
 264 278 275 268  18 293 273  61 291  19 183  65 252 385  20 100  16 269
 105  23   3  22 281  15   1   6   5 279 282 283 284 285 312 313 311 310
   0 398 394 315 396 309 391 254 390 314 308 395 387  94 389 388 392 393
 384 383 381 382 380 379 377 317 292 369 376 378 371 222   2 129 372 374
 375 373 364 160 114 320 365 363 362 366 367 206 368 360 370 359 223 358
 325 356 336 175  37 357 337 346 340 338 347 344 343 321 342 341 345 323
 334 339 352 355 326 142 322 324 333  60 122 331 335  31 353 219 287 330
 329 327 300  34 316  72 319  38  84 386 397 351 249 350  54 256 349 102
  78 235   8]",26906,90,471.37551736831665
VFR400_60_10,RandomSelection,101112,"[307  67 108 348 304  85 354  52  58  57  76  21  49 153 177   4 195 223
 107  32  63 100 290  24 102  99 189  50   9  48  60 272 180 286 266  17
  31  37  29  74  34 274  30  35  36  25  44  43  39  41  69  70 116  71
 110  10  92 117  73  45  95  27  96  98 303  26 224  68  64  56 113 114
  79  46 115 258  75 111 327  90 257 255 118  84 125  83 253 297  91 119
  88 170  47 127  82 288 289 196 294 295 156 123 296 124  86 395 298  59
 155 184 109 207 228  81 221 229  80 121 227 122 212 225 199 203 201 129
 120  13 218  33 211 202 200 210 198 265 197 204 313 213 215 209 208 193
 187 188 191 190 186 185 205 183 132 141 231 138 134 142 230  11 140 131
 133 139 135 351 136 143 192 144 145 147 146 216 148 112  65 149 232  93
 152  42 394 154 151 182 236 126 302 157 175 172 169  55 178 173 176 235
 233 181 179 167 171 164 163 168 166 328 237 165 159 160 239 162 174 130
 249 379 246 248 220 245 247 244 243 242 240 306 250 263 305 299 103 104
   8 280 261 259 262 137   7  53 251 271 278 364 276 194 277  66 270 275
 260 234 273 267 369 241 268 106 293  19  12 292 287   0 291 264  15  23
  16   1 281 252  61  20 269  18 105  22 279  89   3   2   6   5 282 283
 285 398 310 311 314 284 315 385 254  94 396 390 309 308 312 150 391 389
 388 387 392 393 382 381 378 380 383 377 317  87 226 376  14 373 339 371
 158 375 372 361 363 370 318 362 320 368 360 374 357 337 358  40 336 352
 356 359 366 365 367 342 346 338 347 344 343  28 217 341 355 345 340 323
 300 301 334 326 325 321 331 332 335 324  38 219 322 128 330 319 329  72
 316  62 161 386  54 350 333 397  51 238 222  97 206 349 101 384  77 214
 256  78 353]",26768,42,136.76196193695068
VFR400_60_10,QLearning,101112,"[240 290 288 267 189  56 115 121 348 131  82  17 155 299 378 222   1 136
  58   3   2 307   7  43  10   5   9 298  14 366  16 258 233  18 334  24
  77 159  20 270 145 281  22  36  23  27  35  33 109  38  41 140  45 383
  46  47 120 179  50  49  54 151 356 354  55  57  61  65  67  72  29 361
  39  12  69  19  90  73  71  75  76  59 104  68 134  81 316 203 154  84
  13 277  86 107  87  88 303  89 153  92 142  96 102  98  97 101  79  15
 106 110 105  78 201  64 116 100 123 114 122 118 129 164  93 349  30 135
 146 138 127 144 147 148 149 150 132 128  83 157  34 160 169 162 158 111
 166 168 170 181 171 172  66 174 192 176 178 175 180 152 173 182  42  70
 117  48 184 216 212 185 186 188 195 190 165 194 204 197 198 202 200 199
 196 206 207 113 208 205 209 141 389  52 215 211 213 218 221 210 261 244
 224  91 388 226 137 225 231 229 227 232 236 235 230 280 265 247 220 193
 187  94 260 391 274  37   4 242 243 264 248  26 241 259 250 246 253 254
 239 257 266 317  11 119 263  99 271   6 272 276 278 268 245 282 283 275
 285 219 323 289 291 287 124 301 295 367 286 293 217  62  74  44 297 304
 305 302 309 310 177 311 306 313 126 191 139   8 296 315 237 318 319 320
 325 308 322 314 321  53 324 327 328 312 329 330 341  51 331 326 269   0
 333 335 332 336 337 338 342 369 340 125 343 344 284 350 345 346 133 279
 347 357  28 351  63 355 255 358 359 360 352 365 362 363  25 364 368 156
 167 370 228 143 392 183 372 373 371 375 385 103 374 292  32 112 377 387
 382 379 380 252 376 163 381  85 384  40 390 108 238 386 130 223 256 339
 393 395 294 251 396 273 397 161 398  21 394  60 353  80 234  95 300 262
 249 214  31]",26652,84,913.0981578826904
VFR600_20_10,RandomSelection,0,"[509 419   7  25 565 197 588 424 221 476 544 538  31  22 118 423  19  89
 442 560 558  21  88 251 421  85 376 402 138  79 205  24 203  35  30  10
 581   8 182 112   0 137 183 576   5 141 131  23 199  58 211 209 208 206
   3 559 147 215 148 149 150 135 134 512 179  13 132 130 128 192  98 194
 113 111 109 180 196 107 106 105 589 104 153 551 462 164 102 101 100  99
 127 191 189 188 186 184 181  91 178  87  90  94 257 175 155 453 156 158
 117 220 355 474 219 425 217  96 516 119 114 123 125 126 201 190 200 444
 174 172 168 166 198 146   2 213 129 214 232 216 349  84  83  81  54 455
 525  80 282 280 254 253 252 250 249  86 247 246 515 245 594 407 244 264
 228 229 230 479 231 256 121 457 279 521 523 526 527 528 508 277 520 518
 517 413 514 511 503 502 501 480 202 477 426 466 458 456 422 475 460 321
 461 324 464 506 465  95 467 513 468 469  48 470 530 471 144 207 472 473
 177 580 579 578 454 577 575 574 573 572 504 408 412   6 414 415 416 417
 418 507 459 452 400 145 401 409 410 553 552 481 433  67  52 529 212 548
 547 546 545 210 463 543 542 541 478 411 505 531 532 550 533 534 535 537
  12 539 540 554 555 563 420 556 557  63  60 570 569 567 564 562 561  59
 185  53  55 151 136 278  64  65 329  78  66  68  69  71  72 500 499 498
 122 497 566 318  20 335 336 495  76 493 492 491 490 489 488 591 487 486
 485 524 484 483  70 482 285 286 287 288 571 568 289 108 494 290 365 291
 292 293 116 294 295 115 296 297 298 300   9 302 303 305 354 371 370 367
 312 301  97 328 313 314 315 316 317 326 327 330 331 332 333  27 133  26
 103  73  74  33 351 536 393 350 311 323 161 162  28  75 438  29  17  18
  15 160 159 170   4  11 322 320 319 334 163 165  34  77 284 440 439 437
 435 434  62  61 432 431 430 429 427 441 443 445 193 446 447 449 450 304
 394 448 404 403 399 398 396 395 369 173 392 391 390 389 388 387 386 397
   1 385 218 384 383 382 381 380 379 378 377 374 373 372 366 364 362 140
 360 358  92 357 406 356 306 361 307 308 309 310 343 344 345 346 359 347
 348 325 255 283 496 337 338 124 339 340 341 342 353 352  32  57  56  51
  50  49 243 195 242 281 241 240 139 239 238 237 405 236 169 171 235 368
 234 233 142 598 258 259 260 261 262 263  47  46  45 451 375  44  43  42
 176  41  40  39  38 549  37  36 222 223 224 225 226 227 276 275 274 273
  16 272 271 270 269 268 267 363 266 265 428 582 583 519 584 152 585 586
 587 590 154 592 299 593 167 522 120 436 248 595 187  14  93 596 597 110
 157 143 510  82 204]",31841,30,88.35722541809082
VFR600_20_10,QLearning,0,"[541 579 509 331 544 512 127 537 524 558 338 126  86  65 595  75 300 276
  66 419 206  85 138 421 280 555 504   6  42   7 559   8 156   1   5   3
 560   9 231 197  11  13  18  15 203  30  28 529 214  26  24  57  22  21
  19  17  31  33 135  51  37 235  39  99  48  53  54  63 581  69  71 254
 147  74 516  72 588 359 361  76  78 218  84  88  89  90 495 211  94 109
  91 129 128 176  95 125 536 119 117 114 113 172 171 169 112 505 149  49
 108 312 178  44 115 106 104 123 102 100  96   0 134 137 140  38 141  67
 144 146 148 152 151 478 133 150 499 120 155 158 376  27 162 196 324 195
 193 191 221 190  77 248 188 187 186 261 165 286 184 183 182 181 180 199
 166  87 168 173 177  55 200 305 202 208 167 212 240 215 220 223 224 225
 226 228 230 233 498 236 205 234 164 237 397 238  83 239 209 185  70 232
 288 241 175 245 247 249 130 250 253 256 257 258 259 262 263 264 266 470
  80 272 268 273 578 274 275 278 271 244 282  34 179 255 283 284 285  35
 287  97 548 210 289 217 246 291 304 303 302 351 328 299 297 337 295 294
 293 474  41 307 308 309 358 229 311 314 315 192 316 317 252   4 319 320
 561 443 322 323 381 105 269 364 330 325 301 326 321 260 334 508 336 310
 327 565 329 586 335 452 378 340 341 342  73 159  20 345 346 348 124 352
 160 371 370 582 368 433 110 367  12  45 366 363 339 362  64 360  47 198
 357 356 355 354 353 372 373 420 374 375 377 380 383 384 163 396 412 385
 382 415 398 399 392 391 379  98 390 369 389 388 313 387 386 395 590 394
 145 107 393 101 400 401 402 116 404 405 406 407 189 414 413 545 411 409
 290 281 408 416 417  68 431 429 432 428 427 425 118 122  25 424 423 410
 422 418 434 344 435 437 496 438 440 441 318 347 442 444 445 446 447 448
 449 450 451 453 454 535 430 296 455 350 456 153 219 530 457 471 458 131
 439  36 459 460 461 462 251 463 464 521 466 467 468 469 472 207 506 216
 136 473  46 222 143  92 475 267 597  23 477 479 480 481 484 485 486 487
 488 489 476 492 483 493 436 465 103 494 500 501 503  29 507 517 510 513
 514 515 519 511 497 523 518 520  40  61 522 170 526 527 528 490 531 243
 532 194 533 534 174   2 403  58 538 491 540 333  81 575 542 547 549 550
 349  16 553 201 552  56 543 213 554  10 556  14 562 563 564 306 270 332
 567 142 568 111 569 570 571 132  32 572 161 539 573 574 557 596 482 576
  62 566 551 292 277 139 298 577  52 580 583 585 587 589 121 591 592  93
 279 593 594 426 154 525 502 546 365 157 598 343  59 265 242  50 584  79
 227  43  60  82 204]",31623,144,1430.1477854251862
VFR600_20_10,RandomSelection,42,"[419 424 579 541   7 588 297 167 290 359 476 169  88  22  31 544  25  89
 184 221  21  19 251 205 402 376 138  90 198   3  72 529 147 171 203  24
 206 209 208 215 137 182   0   8  35 183 283 144 216 127  23  98 199  58
 148 581  10  13  30 142 589 113 111 109 196 135 134 105 179 104 192 128
 117 107 132 149 190 189 106 191  14  99 100 101 102 103 462 164 276 188
 130 444 172 168 166 146 118 119 197  97  96 178  87  93  94 175 155 453
 156 158 220 355 474 219 349 425 217 201 244 200 185 181 180 122 123 125
 556 141 126 586  95  91 114 213   2 129 214 232 150 436  85  54 230 277
 520 519 518 229 228 264 521 279 527 247  86 479 231 256 254 253 252 250
  84  83 525  79 186 455  81 282 280 257 457 526 523 245 246  80 528 511
 512 514 516 517 509 508 503 594 463 407 515 413 502 501 248 480 202 477
 426 567 456 421 422 460 321 475 207 554 458 194 466 471 530 470  48 145
 469 468 513 467 465 464 324 461 472 473 177 580 578 108 454 577 575 574
 573 572 504 408 412 576   6 414 415 416 417 452 418 507 459 401 506 400
 406 409 410 553 552 546 547 548 212 112  52 549 433 550 116 551 481 545
 210 543 538 539 540 555 420 423 115 557 499 500 532 533 534 570  60 571
 492  63 560 559 558 498 318  20 335 336 495 524 485 486 487 591 488 489
 316 491 536 493 494  76 484 483 482 285 286 287 565 566 542  16 131 478
 411 174 505 531  70  69 537 569  67  66  78 317 291 292 293 294 295 296
 298 300 302 303 305 354 371 370 311 367 312 535 522 301 328 313 314 315
 289 568 288 438 564 563 562 561  59  53  55 151 153 136 278  12  64  65
 329 326 327 432 330 331 332 333  27 133  26 448  73 160 437 365  33 351
 323 162  75  29  17  18  28  74 165 163 334 319 320 322  11   4 170 159
  34  77 284 440 439 435 428  62  61 431 430 429 427 249 434 441 442 443
 445 193 446 447 449 450 451 304 404 403 399 398  47 140 396 395   9 369
 394 173 393 391 390 389 350 388 387 386 397   1 307 308 385 218 384 383
 382 381 380 379 378 377 374 373 372 366 364 362 360 358  92 357 497 356
 392 306 361 309 310 343 344 345 346 347 348 325 255 496 338 124 339 340
 341 342 353 352  32  57  56 176  51  49 243 195 242 490 281 241 240 139
 239 238 237 405 236 226 235 368 234  68 233  38  39  40  41  42  43  44
 375 259 211 260 261 262 263  46  45 258 598   5  37  36 222 223 224 225
 275 274 273 272 271 270 269 268 267 363 266 590 265 582  15 161 583  50
 587 227 337  71 584 152 121 585 595 120 187 593 299 592 154 596 597 110
 157 143 510  82 204]",31727,53,167.73920893669128
VFR600_20_10,QLearning,42,"[ 53 331 172 413 579 509 558 534 595 300 524 276 206 419 504 138 280 275
 512 153  66   6   8  42 231 544   5 421 559   7 420   9  11  13  18  15
  19  21 140  22  24  28  30  31  35  37  39  41  99  48  49  52  57  58
  54  61 590  63  26 581  65  67  69 254 147 361 359 588  72 516 560  74
  76  78 218  80  84  86  88 508  89  90 568 151 156  94   0  96  98 358
 100  92 491 102 123 104 106 107 108 109 134 110 111 505 112 495 113 312
 165 115 117 118 536 120 122 144  64 125 126  95 264 183 128 129 271 131
 164 392 572 162 119  91 133  25  75  73  38 137 141 586 146 148 150 478
  85 158 160  27 127 167 168 169 171 173 175 177 178  87 179 242 180 182
 578 184 199 397 185 188 416  77 221 191 193 194 529 324 195 196 166 573
 197 200 201 305 202 429 203 261 224 205 208 209 211 212 214 215 217 220
 223 225 228 233 216 235 498 236  70 234  83 237 366 272 519 238 239 232
 241  44 244 245 247 249 250 251 181 253 255 256 257 258 259 262 263 266
 269 470 273 274  51 278 279 282 283 285 287  97 288 548 210 518 289 410
 246 192 428 290 291 293 294 230 295 297 299 302 303 240 304 307 309 229
 311 315 316 317 252 489   4 319 320 561 322 323 381 389 135 105  34 364
 330 325 301 326 321 334 336 310 327 333 580 390 335 337 338 452 219  68
 378  17 339 340 341 342 159  20 345 346 349 351 124 308 176  55 352 353
 354 355 356 357 198  47 360 363  45 149  12 367 368 248 145 417 582 370
 371 373 374 375 284 377 465 380 383 384  71 163 386 387 388 379 391 482
 393 394 395 396 385 382 399 400 401 402 403 348 404 405 260  50 406 407
 408 281 409 411 545 414 412 189 415 418 313 369 422 423 424 425 190 535
 430 431 432 433 286 434 435 436 437 496 438 439 440 441 492 318 347 442
 443 444 445 446 447 448 449 450 451 101 453 454 296 455 473 350 456 592
 457 226 471 161 458 459 460 462 464 521 466 467 468 469  16 207 506 493
 136 461 222 475 267 476  23 477 479 480 481 483 484 485 186 486 487 488
 490 494 497 500 501 503  29 344 507 517 510 511 513 527 514 515 116 520
  40 522 329  36 427 523 170 526 372 499 528 530 532 533 174   2 103 152
 538 539 540 474 472  62 541 542 543  81 546 155 547  32 549 550  46 551
  56 552 537 553 213 554  10 555 463 556 243 531 557  14 562 563 376 564
 306 565 270 566 130 332 567 142 362 569 154 328 570 571 132 574 575 596
 576 114 139 292 277 298 577 121 583 398 584   1 585  60 587 143 589   3
 591  93 157 593 594 426 525 502 597 187 365  33 598 343  59 265  43  82
  79 227 268 314 204]",31792,30,587.8116283416748
VFR600_20_10,RandomSelection,93,"[419   7 476 424  31 221 595  88 588  22  19 290  89  25 331  21 376 251
   0 402 205 559  24 138 203  30  13  10 169   8 581 544   5  35 182 137
 209 206 208 215   3 211  23  58 442  98 220 199 153 142 198 147 183 123
 171 149 150 135 134 179  14 128 130 107 132 190 127  99 100 101 102 103
 462 104 589 381 196 109 184 186 192 189 191 164 113 181 180 119 194  91
 118 155 175  94  93  90  87 178 197  96 436 217 425 185 349 200 474 158
 453 172 444 174 176 126 125  97 122 148 216 214 168 129   2 166 117 114
 280  85 141  54  84  83  81  80 455 249 232  79 282 111 257 256 254 253
 252 250  86 247 246 515 594 407 244 264 228 229 538 479 231 457 279 131
 277 509 508 527 523 521  27 520 518 517 516 413 514 512 370 511 503 501
 144 480 202 477 426 466 458 456 105 422 475 460 418 461 324 464 465 467
 513 468 321 188 469 145 470 530 471 207 472 473 177 580 579 578 108 454
 577 576 507 574 201 573 572 504 408 412   6 415 417 423 459 452 248 400
 401 506 354 406 409 410 411 505 532 533 534 535 536 537 531 416  12 539
 540 478  16 541 542 543 463 210 575 556 115 545 546 586 548 212 502 529
 112  52 549 547 433 550 482 551 481 552 553 555 558 560  63 597 561 562
 563 564 565 596 566 421 567 569  18 570 571  71  60 116  59 146  53  55
 525 151 136 278 294  64 499  65 329  48 219 420  78  66  67 296  68  70
  72 500 498 497 318  20 335 336 495  76 494 493 492 491 490 488 487 486
 485 524 484 483 286 287 557 288 554 568 285 591 289 365 291 293 295 298
 300 315 332 302 303 437 317 314 313 311 328 489 301 297 312 367 371 305
 326 327 330 333 162 323 350 351  33  74 438  75  17  28 133  26  73  29
  15 160 159 170   4  11 322 320 319 334 163 165  34  77 440 439 435 434
  62  61 432 431 430 429 427 441 443 445 193 446 448 449 450 528 304 404
 403 414 399 398 140 396 395   9 369 394 359 347 348 325 374 377 378 380
 382 383 384 218 385   1 397 355 386 387 388 390 391 392 393 173 346 345
 344 343 310 309 447 308 307 361 306 356 357  92 358 360 379 245 362 364
 366 372 373 255 283 496 337 338 124 339 340 341 342 353 352  32  57  56
  51  50  49 243 195 242 281 241 240 139 239 156 238 237 405 236 235 368
 234 233 598 258  43  42 284 259 260 261 262 451 230 263 526  47  46  45
 375  44  69  41  40  39 292  38  37  36 222 223 224 225 226 227 276 275
 522 274 273 272 271 161 270 269 268 265 267 363 266 428 582 585 152 584
 213 583 519 587 590 154 592 299 593 167 120 316 187 121 110 143  95 510
 389  82 204 106 157]",31764,36,138.3248598575592
VFR600_20_10,QLearning,93,"[509  53 331 560 558 162 315 252 579 512 595 300 276 206 419 504 138 280
 275 153  66   6   8  42 231 544   5   7   9  13  18  15  19  21  82  22
  24  28  30  31  33  35  37  39  41  46  99  48  49  51  52  57 559  58
  54  61 590  63  26 581  65  67  69 254 147 361 359 588  72 516  74  76
  78 218  80  84  86  88  89  90 568 156  94   0  96  98 358 100  92 491
 102 161 123 104 106 107 108 109 110 111  25  11 505 112 495 113 114 312
 148 165 375 115 117 493 118 119 536 120  64 125 126  95 176 128 122 129
 271 131 392 572  91 134  75  73  38 137 140 586 144 146 478 151  85 376
 150 160 127  87 167 168 169 171 172 173 175 177 178 420 179 242 244 180
 182 578 183 184 185 186 188  77 221 191 193 194 529 324 195 196  27 166
 573 197 199 200 201 305 202 203 261 224 205 208 209 211 212 214 215 217
 220 223 225 227 228 230 233 216 498 236  70 519 234  83 164 366 237 397
 238 239 232 241  44 245 247 249 250 251 181 253 255 256 257 258 259 262
 263 264 266 269 470 272 273 274 278 190 279 282 283 285 287  97 288 548
 210 518 289 246 428 290 291 293 561 320 319   4 317 316 192 311 229 309
 307 304 240 303 141 302 299 297 295 294 322 323 381 389 135 105  34 364
  55 330 325 308 301 326 321 334 336 310 327 333 580 390 335 337 338 452
 219  68 378 158  17 339 340 341 342 159  20 345 346 349 351 124 352 353
 354 355 356 357 198  47 360 363  45 149  12 367 368 248 145 582 370 371
 373 374 284 377 465 380 383 384  71 163 386 387 388 379 391 482 393 394
 395 396 385 382 399 400 401 402 403 348 404 405 260  50 406 407 408 281
 409 411 545 413 414 412 189 429 415 410 416 417 418 313 369 421 422 423
 424 425 430 431 432 433 286 434 435 436 437 496 438 439 440 441 492 318
 347 442 154 443 444 445 446 447 448 449 450 451 101 453 454 296 455 473
 350 456 592 457 226 471 458 459 460 462 464 521 466 467 468 469  16 207
 506 136 461 222 475 267 476  23 477 479 480 483 484 485 486 487 488 489
 490 494 497 500 501 503  29 344 507 517 508 510 511 513 514 515 116 520
  40 522 329  36 427 523 524 170 526 527 372 499 528 530 531 532 533 534
 535 174   2 103 152 538 539 540 474 472  62 541 542 543  81 546 481 155
 547  32 549 550 551  56 552 537 553 213 554  10 555 463 556 243 557  14
 562 563 564 306 565 270 566 130 332 567 142 362 569 328 570 133 571 132
 574 575 596 576 139 292 277 298 577 235 121 583 398 584   1 585  60 587
 143 589   3 591  93 157 593 594 426 525 502 597 187 365 598 343  59 265
 314  43  79 268 204]",31901,48,726.5849726200104
VFR600_20_10,RandomSelection,7043,"[579 331 541 537 263 544 512 370 509 524 558 172 300 276 419 206  85 156
 164  66 345 138 421 555 504 280   6   1   8 497 197  42   7 559   5   3
 231   9 560  11  13  18  15  17  19  21  78  22  24 214  28 203  31 359
  33  37 235  39  44  99  51  53 402  54  63 581  65  69 147  74  72 588
 361  76 218  84  88  89  90 495 254  94  91 131 129 128  57 176  95 126
 125 120 212 536 119 117 115 150 312 114 113 171 169 112 505 149 111  49
 109 582 108 353  12 107 106 104  86 123 102 237 100  98  96  50   0 133
 134 328  75 565 209 137 140  38  26  67 144 146 148 478 151 152 155 158
 376 160  27 196 324 195 193 191 221  77 188 187 186 261 286 184 183 182
 181 180 578 242 178  55 177 175 173 168 211 167 423 200  87 165 127 199
 305 202 208 215 240 217 344 220 223 224 225 226 230 233 216 498 236 255
 205 397 238  83 239 228  70 232 288 241 557 244 247 249 130 250 253 162
 256 257 258 259 262 264 266 269 470  80 272 273 274 278 282 283 284 285
  35 287  97 548 210 289 246 291 474 293 294 295 297 299 302  30 303  73
 304  41 307 308 275 309 358 229 311 314 315 192 316 317 252   4 319 271
 320 561 443 322 323 141 381 135 105  34 364 330 325 301 321 260 334 310
 179 327 329 333 586 335 337 452 378 339 340 341 342 159  20 413 348 351
 346 124 352 371 368 433 110 367 363  48 362  64 360  47 357 355 354 166
 372 374 404 420 375 568 377 380 338 384 163 386 387 313 388  45 369 382
 398 383 379 391 562 392 394 396 389 385 414 373 399 401 403 234 405 406
 400 407  68 408 281 290 410 190 411 412 545 189 415 416 418 422 393 424
  25 118 425  46 428 432 429 431 417 507 434 435 122 437 496 438 440 366
 441 347 442 444 356 445 198 446 447 448 450 451 453 454 430 296 455 101
 350 456 153 219 530 457 471 458 318 439  36 459 460 461 580 462 251 449
 463 464 465 521 466 467 468 469 245  16 472 207 506  81 136 473 222 143
  92 248 475 267 476 516  23 532 477 479 480 481 483 484 485 436 486 501
 487 488 546 489 490 491 492 493 103 494 500 503  29 517 508 510 513 514
 515 519 336 116 520  40 145  61 522 523 526 527 529 531 170 243 194 533
 534 174 511 528   2  58 538 540 326 518 547 549 550 349  56 552  62 201
 553 395 213 542 554 556  14  71 563 564 306 270 332 567 142 499 482 539
 569 570 571 132 572 573 574  10 575 596 139 566 551 292 277 298 577  52
 427 121 583 585 587 589 590 591 592  93 157 593 594 154 426 185 502 268
 161 597 595 525 279 409 365 598 343  59 543 265 576 390 584 535  79 227
  32  43  60  82 204]",31647,30,124.17542338371277
VFR600_20_10,QLearning,7043,"[ 53 331 172 413 579 509 558 534 595 300 524 276 206 419 504 138 280 275
 512 153  66   6   8  42 231 544   5 421 559   7 420   9  11  13  18  15
  19  21 140  22  24  28  30  31  35  37  39  41  99  48  49  52  57  58
  54  61 590  63  26 581  65  67  69 254 147 361 359 588  72 516 560  74
  76  78 218  80  84  86  88 508  89  90 568 151 156  94   0  96  98 358
 100  92 491 102 123 104 106 107 108 109 134 110 111 505 112 495 113 312
 165 115 117 118 536 120 122 144  64 125 126  95 264 183 128 129 271 131
 164 392 572 162 119  91 133  25  75  73  38 137 141 586 146 148 150 478
  85 158 160  27 127 167 168 169 171 173 175 177 178  87 179 242 180 182
 578 184 199 397 185 188 416  77 221 191 193 194 529 324 195 196 166 573
 197 200 201 305 202 429 203 261 224 205 208 209 211 212 214 215 217 220
 223 225 228 233 216 235 498 236  70 234  83 237 366 272 519 238 239 232
 241  44 244 245 247 249 250 251 181 253 255 256 257 258 259 262 263 266
 269 470 273 274  51 278 279 282 283 285 287  97 288 548 210 518 289 410
 246 192 428 290 291 293 294 230 295 297 299 302 303 240 304 307 309 229
 311 315 316 317 252 489   4 319 320 561 322 323 381 389 135 105  34 364
 330 325 301 326 321 334 336 310 327 333 580 390 335 337 338 452 219  68
 378  17 339 340 341 342 159  20 345 346 349 351 124 308 176  55 352 353
 354 355 356 357 198  47 360 363  45 149  12 367 368 248 145 417 582 370
 371 373 374 375 284 377 465 380 383 384  71 163 386 387 388 379 391 482
 393 394 395 396 385 382 399 400 401 402 403 348 404 405 260  50 406 407
 408 281 409 411 545 414 412 189 415 418 313 369 422 423 424 425 190 535
 430 431 432 433 286 434 435 436 437 496 438 439 440 441 492 318 347 442
 443 444 445 446 447 448 449 450 451 101 453 454 296 455 473 350 456 592
 457 226 471 161 458 459 460 462 464 521 466 467 468 469  16 207 506 493
 136 461 222 475 267 476  23 477 479 480 481 483 484 485 186 486 487 488
 490 494 497 500 501 503  29 344 507 517 510 511 513 527 514 515 116 520
  40 522 329  36 427 523 170 526 372 499 528 530 532 533 174   2 103 152
 538 539 540 474 472  62 541 542 543  81 546 155 547  32 549 550  46 551
  56 552 537 553 213 554  10 555 463 556 243 531 557  14 562 563 376 564
 306 565 270 566 130 332 567 142 362 569 154 328 570 571 132 574 575 596
 576 114 139 292 277 298 577 121 583 398 584   1 585  60 587 143 589   3
 591  93 157 593 594 426 525 502 597 187 365  33 598 343  59 265  43  82
  79 227 268 314 204]",31792,30,282.42750334739685
VFR600_20_10,RandomSelection,101112,"[541 509 579 331 567 127 512 558 206 419 544 276 300  86  85 156 565  66
 248 138 249 135 421 280 555 504   1   6 573  11 560   9 231   8 197  42
 559   7   5  18  13  53  17   3  15  19  21  48  33 581  31 203  30  26
 465 214  28  24  22  44  63  57 235  65  39 254  84 557 218 583  78  76
 361 359 588  72  74 147  71  69  95 128 129 495  94  91 131  89 312 117
 119 125 126  88 114 113 172 171 169 112 505 115 568 149 111  49 109 108
 536 516 107 586  90 106 104 123 102 100  98 145  96   0 133  75 137 140
  38 141  67 144 529 146 148 120 150 478 151 152 154 155 221 191 193 194
 324 196 162 177  55 178 179 242 578 538  77 543 188 187 186 261 286 185
 184 183 182 181 180 190 158 376 329 160  27 175 173 168 211 167  87  51
 165 166 199 200 305 202 208 209 212 134 240 215 217 220 223  80 591 224
 225 226 228 230 233 216 498 236 255 205 234 164 237 397 238  83 239  70
 232 288 241 244 245 247 253 257 258 259 304 303 302 250 297 295 293 474
 291 246 289 210 548  97 287  35 285 283 278 275 273 272 470 338 337 335
 333 327 310 336 334 321 256 326 301 330 364 307 308 309 358 229 311 314
  64 315 192 317 252   4 319 320 561 443 322 323 381 105 342  73 344  54
 159  20 345 346 348 351 357 198 360 363 378 366  45 339 388 452 269 268
 266 264 263 262  41  34 341 340 260  12 367 110 433 368 582 370 371 352
 124 356 355 354 353 373 420 374  47 375 377 380 383 384 163 391 408 407
 406  50 405 404 403 116 402 401 379 369 389 313 387 386 392 393 394 395
 396 385 382 398  99 399 400 414 290 409 410 411 412 545 413 281 189 415
 425 118 434 417  68 122 422 424  25 423 418 416 427  46 428 432 429 430
 431 435 437 496 438 440 441 318 347 442 444 445 446 447 448 449 450 451
 101 453 454 325 296 455 251 462 461 460 459  36 439 458 457 530 219 153
 456 350 463 464 466 467 468 469  16 472 207  92 143 222 473 136 521 506
 475 267 476  23 477 479 551 480 483 484 493 492 485 436 486 487 488 489
 490 103 497 499 500 501 503  29 597 513 511 130 510 508 517 507 491 576
 195 520 274 519 515 514  40  61 522 523 524 170 526 527 528   2 534 533
 532 243 531  58 539 540 552  56 282 349 550 471 549 547 518 546 174 481
 537  81 542  62 201 553 142 213 554  10 482 569 556  14 572 574 575 596
 139 292 566 277 332 270 306 564 563 562 132 571 570 328 298 577  52 590
 587 176 121 580 592 265  59 494 343 598 365 279 595 589 585 161 502 525
 426 594 271 593 157  93 584  37 284 316 362 372  79  32 294 299 535 390
 227  43  60  82 204]",31620,64,216.3463306427002
VFR600_20_10,QLearning,101112,"[ 53 331 172 579 209 257 560 509 558  13 526 423   8 595 300  54 276 206
 419 138 504 280  66   6  42  99 512 559 424 231   5   7   9  11 544  67
  18  15  19  21  78  22 196 529  24 218  28  30  35  26 590  61 489 254
  69 153  65 581  37  41  46 115  48  51  52  57  58 458 147 275 361  31
 359 588  72 516  63  74  76  80  84  86  89 568 156  94   0  96 358  49
 100 537  92 491 102 123 104 106 108 109 110  88 111 107 505 112 495 114
 312 165 493 186 118 119 120 162 122 536 474  64 125  98  95 128 129 271
 392 572 113 176 197  91 349 133 134  25 199  75  73  38 201 137 140 130
 141 158 586 259 144 525 146 148 150 478 151  85  39 376 160  27 127  87
 167 168 169 297 171 173 175 177 178 420 179 180 182 578  33 183 185 188
  77 221 191 193 194 426 324 166 573 200 305 202 261 224 205 208 211 212
 214 184 215 217 203 220 223 225 228 230 233 235 498 236 314  70 519  83
 164 366 237 397 238 239 232 241  44 313 245 247 249 250 251 181 253 255
 256 258 262 263 264 266 269 470 272 274 278 279 282 283 287  97 288 548
 216 210 518 289 145 350 428 290 291 293 285 561 320 319   4 252 317 316
 192 315 311 229 309 308 307 117 304 364 302 240 322 323 381 389 135 105
  34 131 299 246 294 273 330 325 301 326 321 334 336 310 327 333 580 335
 337 338 452 378  17 339 340 341 342 159  20 345 346 351 124 352 353 354
 355 356 198  47  45 149 367 368  90 360 582 370 371 373 374 375 284 377
 465 380 383 384  71 163 386 387 388 379 391 471 401 400 399 382 385  40
 396 348 402 482 393 394 404 405 260  50 406 407 408 281 409 411 545 413
 414 219 412 189 429 415 410 416 417 418 369 421 422 425 190 430 431 432
 433 286 434 435 436 437 496 592 456 473 455 296 454 453 101 440 469 441
 492 318 347 442 459 443 444 445 446 447 448 449 450 457 226  12 460 462
 136 506 207 570 468 467 543 466 521 464 461 222 475 267 476  23 477 479
 480 481 483 484 485 234 486 487 488 490 494 497 500 501 503 439  29 507
 508 510 511 513 517 532 533 534 329 530 499 244 514 515 116 520  36 523
 524  68 170 527 531 438 174   2 187 103 152 538 539 540 472  62 542 541
  81 546 547 549 550  16 551  56 552 451 155 243 556 463 555  10 554 213
 553 557  14 562 563 564 306 565 270 566 332 567 142 362 569 522 403 328
 571 575  55 574 132 248 596 357 576 195 303 242 139 292 277 298 577  32
 121 583 535 398 528 584 126 427   1 585 227  60 587 589 591 395 372 157
  93 593 594 502 597 365 295 598 343 390  59 265   3 161 344 154  43 143
 363  79  82 268 204]",31529,132,1285.0608358383179
VFR600_40_10,RandomSelection,0,"[ 45 363 395 103 150 581  92 571   7 325 310  50   9 509  79  99 450 259
 421 546  16 267  37  78  15 339  14  34  74  63  41  88  61  69  66 104
  53 283 510 175 412  94   1 407  93 157 115 511   3  22  60 302  18  31
  47 127  71  82  36  52 214 111 392 114 418 102  24  26 249  39  95   6
 109  98 289  75 275  76  62 258 414  35  33  21  38 409  72 113  89  87
  64 467 206 493 106 170 229 167 177 497 169  54 191  10 123 226 202  12
 176 138 174 186 492 182 218  77 163 209   2 172 212 173 576 129 192 161
 107 159 227 135 183 482  84 195 134 223 260 219  27 139 203 207 149 160
 196 122 520 143 166 121 438 162 224 236 213 231 144 133 194  90  30 147
 200 158 148 164 156 211 193 563 180 512 145 101 230 220 137 295 153 120
 140 130 439 126 262 105 234 261 165 479 215 197 178 155 187 131  55 235
 185 461 128 274 154 168 110 341  83 330  86 334 269 305 320 314 280 335
 298 124  40  42 246 277 321 299 457  17 254 221 331 429  91  70 291  43
 272 300 228 351 297 184 319 312 504 593 263 189 329 276 328 253 309 290
 292 463 349 264 217 248 271 353 347 316  48 247 294 242 250 256  81 205
 308 151 311 303 238  46 268 273 244 239 282 307 327 544 355 243 241 326
 394 313 296 348 288 132 337 304 354 284 255 287 278 458 343 266 350 152
 270 436 141 333 573 285 484 340 251 323 346 525  68 332 240 245 252   4
 541 344 324 342 356 345 587  80 265 257 315 444  73 459 225  44 420  59
 471 410 399 281 386 357 453 322 379 365  97 393 383 465 279 424 364 372
 181 380 447  19 529 408 400 373 361 381 204 371 367 375 435 366 378 451
 466 306 460 448 370 338 422 125 384 401 434 437 473 440 427 445 441 210
 426 402 462 423 404 369 368 374 411 376 360 377 470 388 385  57 474 358
  28 405 443  56 391 417  49 468 198 446 116 472 416 452  65 317 389 403
 382 387 455 146 464 442 398 362 419  13 430 456 496 396   5 454 428 449
 425 433 432  20   8 523 336 538 522 535 480 406 555 199 397 588  58 485
 495 179 552 490 533 574 567 580 521 548 545 589 597 494 390 530 539 498
 536 598 352 301 560 486 517 507 540 488 513 359 431 413 557 491 550 171
 594 526 558 532 586 554 508 475 528 487  23 569 531 583 515 596 565 570
 142 595 582 506 537 564 547  32 591 201 534 478 477 590 505 500 556 136
 476 503 577 514 502 216 584 553 518 489   0 519 561 566 559 572 543 578
 483 501 551 549 568 542  11 188 575 579 562 415 524 481 499 208 585  85
 469 516 233  67  96 112 190 592 232 527 293 119 286 118 222 117 100  51
  25  29 318 108 237]",34711,42,259.779278755188
VFR600_40_10,QLearning,0,"[364 302 582 300 482 423 163 135 395 357 436  15 162 467 110   3 214  55
 103  60  18 127   5   7   9  93  13  11   1 552 310 591 311 315  14 109
 301  16 236  22  24  26  28  30  32 501  34  36 312  38  79  52  40 204
  42 434  44  45 331 580  25  94  53  75  54  57  59 184 123 563  64  72
  62  68  70 134  74  77 588  81  82  83 196  41  85 535 124 473 276 197
 587  90  92  98 100 104  56 411 106 107 115 118 120 122 585 126 128  84
 152 129 159 131 133 396 138 291  89 235 334 140  86 143 102 147 148 149
 151 365 154  69 130 156 158  10 583 461 165 168 169 170 171 172 174 175
 177 180  66 183 178 144 186 185 188 194 193 191 190 199 200 117 477 212
 363 202 369 203 281 205 157  31 206 207 150 101 145 208 209 210  71 125
 222 213 114 217 218 227 250 220 219 221 223 225 226 228 229 362 224  97
 232  61  88 155 238 241 240 245 201 247 248 252 253 255   2 249 258 268
 164 267 254 265 264 263 262 167 261 260 259 270 271 287 273 274 377  27
 429 280 279 278 189   8 275 166 282 283 288 289 290 293 294 295 303 296
  19 297 292 298 299 277 256 466 305 323  21  58 211 306 141 307 308 309
 314 317 355 316 319 320 321 322 142 324 326 328 329 330 332 327 424 333
 339 338  33  46 337 336 230 340 348 549 342 359 335 343 344 345  51 246
 349 350 121 351 475 352  50 353 360 354 341 356 361 358 381 347 366 368
 373 372 375 384 376 400 380 266 383 181 385 387 388 390 391 386 393 137
 367 394 397  63 401 399 370 402 403 404 405 406 407 408 113 269 564 409
 410 412 414 415 419 416 417  23 418 413 420 421 392 284 422 242  47 427
 374 428 132 430 192 431 433 435  80 437 439 441 551  12 443 445 446 448
 451 450 449 452 444  78 453 454 478   4   0 456 457 458 459  17 460 426
 462 464 465 468 470 471 472 425 182 474 476  37 479 480 481 243  76 484
 490 489 487 486 485 432 492 493 494 325 495 496 447 112 483 497 498 499
 500 502 503 455 504 505 506 153 507 233 463   6 508 509 510 511 581 513
 512 514 515 516 469 517 518 519 520 521 522 523 173  91 524 389 525  49
 526 527 285 528 529 530 555 531 491 532 539 533 534 234 536 537  95 304
 538 540  20 541 438 543 544 488 244 216 136 251 545 442 161 547 546 371
 105  87 550 553 548 542 557 398  73 560 160 561 378 198 231 187  65 567
 257  29 566 559 440 590 568  39 569 554 571 572 573  96 239 574 272 313
 558 116 111 575 584 576 215 577 578 593 556 579  35 382 589 586 195 592
 570  67 318 594 595 139 596 379 597  99  43 598 562 176 346 146  48 119
 179 286 565 108 237]",35048,54,896.4426829814911
VFR600_40_10,RandomSelection,42,"[ 45 300 363 395 345 467 279  35  37 396 390 140 440 333 296 399 302 339
 368 388 563 432 206 452 277 441 468 402 196 464 378  80 362 392 551 552
 308 315 253  55 325 326 446 447 248 290 264 415 145 526 470 337 291 257
 266 346 256 249 347 243 336 244 401 406 433 385 425 301 335  94 252 352
 322 424 284 320 312 240 353 344  19 292 263 305 324 242 245 268 332 370
 340 394  50 373 423 365 359 443 473 204 114 109 110 275  58 331  10 307
  57 571 127 155 272 313 235 262 327 276 282 273  93 341 106 258  61 317
 254 260 247 330 366 442 466 334   8 222  70 126 299 367 421 328 137  89
 113 118  46   5 117 418  54  90  59  12  67  30 501 200 219 588 215  72
 197 342 227 187 351 111 131 133 231 573 232 177 210 164 156 217 176 434
 191 128 169 159 310  52 100  53  17  32 228 202  79 185  69  77  39   9
 225 270 298 105 250   2  34 289 255  84 171 246 269 486 293 493 594 178
 280 515 153 175   4 297  56  41  62 427 224 129 251 226 380 411 503 430
 456 144 147 186 190  20 583 125 407 416   7 283 404  23 348 516 489 294
 375  60 146 188 139  99  15 208 400 349 484 550 311 460 458 409 444 371
 398 417 469 343 438  48 259 413 451 355 471 496 303  21  44 265 278 354
  43 182 238 321  95  28  75 285  63 391 472   1  88 360 482 412 436 525
 474 397 267 386 453 439  25  38  71  22  16  66 426  97 274  40 462 239
 130 520  86 491 142 122 138 281  92 361 101 295 170 179 587 213 194 148
 172 205 199 158 152 223 203 207 241 209 103 211 184 181 198 168 135 174
 229 195 189 565 214 165 192 183 593 167 506 163 134 591 524  27 513 589
 576 514 220 479 596 575  64 350 497 502  65  68 149 487 579 541  82 500
 536 544 381 559 150 581 509 569 201 162 510 522 476 221 528 505 492 537
 584 435 555 498 160 517 540 507 485 319 478 218  33 132 212 173  87 437
 314 539 592 532 481 356 414 531 585 598 393 230 304  98  49 104 508 428
  74 136 102   3 499  29 449  85  24 558 376 566 564 480 572 511  78 338
 154 554  83  81 527 547 369 543 512 549 529 580 557 530 553 590 116 521
 597 578 488 548 570 519 504 586 560 538 463 518 546  91 523  11 568 574
 535 490 562  76 306 287  73  14 459 422 494 387 374 431 465 475 461 410
 477 545 364  26 323 577 483  42 236 166 124 448  96  18   0 107  13 534
 216 151 143 316 161 180 120 403 595 329 123 157 112 455 542 288  47 261
 309 141 193 567 358 383 419 377 420 382 495 405 556 582 121 450 372 445
 533 561 357 115 457 271 429 318 454 384 408  31 286   6 389 379 237 233
  36 234 108 119  51]",35066,72,319.8605098724365
VFR600_40_10,QLearning,42,"[364 302 582 300 482 423 135 395 357 436  15 162 467 110  60  55 120 103
  18 163 127 214   3   5   7   9  93  11   1  13 552 310 396 591 311 315
  14 109 301  16 236  22  24  26  28  30  32 501  34  36 312  38  79  52
 204  42 434  45 331 580  25  94  53  75  57  59 184 123 563  64  66  62
  68  44  70  72 134  74  77 588  81  54  82  83 196  85 535 124 276 197
 587  90 473  92  98 100 102 104 411 106 107 115 118 122 585 126 128  84
  40 152 129 131 133 138 291 334 140  86 143 145 147 148 149 151 365  69
 154 130  56 156 158  10 583 461 165 168 169 170 171 363 172 174 175 177
 178 180 183 144 186 185 188 199 206 190 191 193 194 477 200 212 202 369
 203 281 205 157  31 207 101 208 209  71 150 222 210 189 213 114 217 125
 218 227 220 219 221 223 225 226 228 229 362 224  97 232  61 235  88 155
 238 240 201 247 241 248 245 252 253 255   2  89 249 258 259 260 261 262
 263 264 265 254 267 159 164 268  41 270 271 167 287 273 274 377  27 429
 275   8 278 279 280 166 282 283 288 289 290 293 294 295 303 296  19 297
 292 298 299 277 256 466 305 323  21  58 211 306 141 307 308 309 314 317
 355 316 319 320 321 322 142 324 326 328 329 330 332 327 424 333 336 337
  46  33 338 339 359 230 340 348 549 342 335 343 345  51 246 349 350 121
 351 475 352  50 353 354 341 360 356 358 361 381 344 347 366 368 372 375
 384 376 373 400 380 266 383 181 385 387 388 390 391 393 386 394 367 397
 137  63 401 370 402 403 404 405 406 407 408 113 269 564 409 410 412 414
 415 416 417  23 418 419 413 420 421 392 284 422 399 242  47 427 374 428
 430 192 431 433 132 435  80 437 439 441 551  12 443 445 446 448 449 450
 451 452 444  78 453 454 478   4   0 456 457 458 459  17 460 426 462 250
 464 465 472 468 470 471 425 182 474 476  37 479 480 481 243  76 484 432
 485 486 487 489 490 492 494 325 493 495 496 447 112 483 497 498 499 500
 502 503 455 504 505 506 153 507 233 463   6 508 509 510 511 581 512 513
 514 515 516 469 517 518 519 520 521 522 523 173  91 524 389 525  49 526
 527 285 528 529 530 555 531 491 532 539 533 534 234 536 537  95 304 538
 540  20 541 438 543 544 488 244 216 136 251 545 442 161 547 546 371 105
  87 550 553 548 542 557 398  73 560 160 561 378 198 231 187  65 567 257
  29 566 559 440 590 568  39 569 554 571 572 117 573  96 239 574 272 313
 558 116 111 575 584 576 215 577 578 593 556 579  35 382 589 586 195 592
 570  67 318 594 595 379 596 139 597  99  43 598 562 176 346 146  48 119
 179 286 565 108 237]",35051,42,896.1653339862823
VFR600_40_10,RandomSelection,93,"[ 45 439 364 582 423 482 302 395 135 163 467 267 436 109  41 110 588   1
 162 214 138 127  60  78   3 103   5   9  11  93 571  13 166 552  55 310
 114 311 315  18 301  16  14  20 236  22  24  26 342  28   7  30 204  42
 134 501  34  32  40  79  38  36 434  44  54 331  47 580  25  51  94  53
  52 113  50  57  59 184 123  64  70 276  74  77  85  68  87 153  88 196
  75  83  82 587 197  90 473  92 118  98 100 187 104 413 107  56 115 120
 122 124 126 128  84 152 129 159 131 133 396  31 243 102 149 140  86 143
 148 169 147 151 154  69 130 158 178 583 461 165 156 168 170 171 172 175
 177 320 174 180  97 194 191 185 190 188 186 144 183 250 477 199 200 212
 363 202 344 198 369 281 205 157 206 189 207 101 208 209 150 125 213 224
 210 227 220 232 219 218  71  62  66 362 229 228 226 225 591 223 252  61
 339 240 382 221 235 249 314 238 241 245 351 247 248 222 253 255   2 268
  89 258 259 260 261 262 263 264 265 254 145 256 275 271 217 274 316 270
 300 273 305 377  27   8 429 278 288 167 289 282 283 280 279 466 293 287
 257 290 201 291 298 297  19 296 326 303 286 294 295 277 323  21  58 211
 306 355 312 308 332 330 345 329 324 142 322 321 319 343 141 424 333 299
 334 335 336  46 337 309  33 328 338 230 340 549 106 246 348 349 350 121
 352 359 358 356 354 360 361 381 347 366 368 353 365 285 372 313 373 376
 378 400 375 160 380 385 266 137 357 341 479 404 394 576 393 155 367 392
 386 391 390 383 388 387 181 403 402 370 540 401 412 399  63 397 327 415
 414 410 409 269 408 407 406 405 416 417  12  23 418 164 419 420 421 284
  72 374 422 242 427 428  96 132 430 192 431 441 433 435  80 437 438 443
 445 446 448 450 451 452 444 453 454   4   0 455 136 459 458 456  17 460
 411 462 464 457 551 465 449 468 470 471 472 425 474 475 476  37 478 480
 481 384  76 484 432 485 486 487 548 447 496 495 325 494 493 492 490 489
 182 483 216 497  81 499 500 502 498 503 504 505 506 519 518 517 469 516
 515 514 513 512 581 511 510 509 508 203 507 233 521 463   6 520 537 523
 117 173  91 524 522 525  49 526 527 528 491 531 530 532 533 534 538 304
 535 553 550 318 112 547 105 371 546 193 442 545 251 244 488 544 543 542
 541  10 539  95 234 536 555 379 307 557 398 558 560 561 566 564 231 563
 573 567 559 590 161 568 554  39 572 239 272 569 574 116 111 575 584 215
 317  15 577 578 579 556 593  35 585 586 589 195 426 440 592 570  67  65
  29 594 595 596 139 597  99  43 598 562 176 389  73 146  48 529 346 292
 119 179 565 108 237]",34970,30,207.66032099723816
VFR600_40_10,QLearning,93,"[315 300 439 364 582  35 302 395 423 482 162 135 357 467 110 436  60  55
  18 127 214 546   3   7 103  93  11 552 310 163 591  14 301  71 109  16
 155 236 166  22  24  26  28  30 204  44  32 501  36  38 581  52 134  79
  42   9 434  45 331  47 220 580 588  25  94  54 520  57  59 184 196 123
  70  62  64  77  74  75  68  66  82  85  88  90 587 276  72 473 197 535
  92  96  53  98  83 100 489 102 104 187 115  56 107 106 411 129 152 592
  84 128 126  41 124 585 122 120 118 131 133 396 138 291 334 140  86 143
 145 147 148 149 151 177 175  69 154   1 159 130 171 156 158  10 583 461
 165 168 169 170 172 174 178 180 183 144 186 188 199 190 191 193 194 477
 200 117 212 363 202 198 203 369 101 207 189 206  31 157 205 281 208 209
 210 309 150 141 125 222 114 259 542 221 250 227 219 113 218 223 225 226
 229 362 224  97 232  61 235 238 240 241 243 245 247 249 593 252 253   2
 348  89 260 261 262 265 217 267 164 258 268 271  34 248 256 274 377 280
 279 275 429 294 213 282 283 332 288 167 289 295 303 254  19 292 298 299
 277 305 323  21 211 264 412 293  27 296 466 312 314 317 355 278 319 442
 321 322 142 324 329 330 327 424 333 336  58 316 290 337  46 160  33 320
 338 328 339 359 230 340 345 344 343 342 270 549  51 246 349 350 121 351
 475 352  50 360 354 341 356 358 361 381 311 347 366 368 353 308 372 365
 373 375 297 376 400 380 266 383 181 385 387 414 390 391 386 393 388 394
 137 397 367 287 335  63 401 416 399 370 404 403 408 269 406 409 410 405
 419 422 402 284 392 415 417  23 418 413 185 420 421 242 427 374 201 428
 503 132 438 474 431 451 433 441 192  80  13 437 435 255  12 443 445 446
 448 449   8 450 453 444 263 452  78 478   4 551   0 456 457 462 515 460
 459 458 532 464 465 182 384 470 481 468 472 454 425 228 476  37 480 479
 490 471 432  76 484  17 486 487 273 492 116 483 485 447 496 112 493 495
 494 325 497 498 499 500 504 505 506 455 153 507 326 233 463   6 508 509
 407 510 511 513 512 514 469 517 516 518 519 173 522  91 524 389 525 523
  49 526 285 528 529 530 521 555 502 531 533 539 491 534 234 561  95 540
 536 538  20 430 541 543 527 244 544 251 545 306  73 216 161 371  87 136
 307 574 550 553 557  40 547 563 560   5 105 378 231 566  65 567 257 569
  39 568 304 590 548  29 559 440 554 571 572 573 537 239 272 313 382 558
 111 575 584 576  15 577 578 556 488 426 564 215 579 589 586  81 195 570
 595 596 398 379 594 318 139 597  99  43 598 562 176  67 346 146  48 119
 179 286 565 108 237]",34639,186,3600.3114495277405
VFR600_40_10,RandomSelection,7043,"[364 302 582 300 482 423 163 135 395 357 436  15 162 467 110   3   7 214
  55 103  60  18 127   5   9  93  13  11   1 552 310 591 311 315  14 109
 301  16 236  22  24  26  28  30  32 501  34  36 312  38  79  52 204  42
 434  45 331  44 580  40  25  94  53  75  54  57  59 184 123 563  64  72
  62  68  70 134  74  77 588  81  83 196  41  85 535 124  82 276 197 587
  90 473  92  98 100 104  56 411 106 107 115 118 120 122 585 126 128  84
 152 129 159 131 133 396 138 291  89 235 334 140  86 143 102 147 148 149
 151 365  69 154 130 156 158 171  10 583 461 165 168 169 170 172 174 175
 177 180  66 183 178 144 186 185 188 199 190 191 193 194 200 117 477 212
 363 202 369 203 281 205 157  31 206 207 150 101 145 208 209 210  71 125
 222 213 114 217 218 227 250 220 219 221 223 225 226 228 229 362 224  97
 232  61  88 155 238 241 240 245 201 247 248 252 253 255   2 249 258 268
 164 267 254 265 264 263 262 167 261 260 270 271 287 273 274 377  27 429
 275   8 189 278 279 259 280 166 282 283 288 289 290 293 294 295 303 296
  19 297 292 298 299 277 256 466 305 323  21  58 211 306 141 307 308 309
 314 317 355 316 319 320 321 322 142 324 326 328 329 330 332 327 424 333
 339 338  33  46 337 336 230 340 348 549 342 359 335 343 344 345  51 246
 349 350 121 351 475 352  50 353 360 354 341 356 361 358 381 347 366 368
 373 372 375 384 376 400 380 266 383 181 385 387 388 390 391 386 393 137
 367 394 397  63 401 399 370 402 403 404 405 406 407 408 113 269 564 409
 410 412 414 415 419 416 417  23 418 413 420 421 392 284 422 242  47 427
 374 428 132 430 192 431 433 435  80 437 439 441 551  12 443 445 446 448
 451 450 449 452 444  78 453 454 478   4   0 456 457 458 459  17 460 426
 464 465 468 470 471 472 425 182 474 476  37 479 480 481 243  76 484 490
 489 487 486 485 432 492 493 494 325 495 496 447 112 483 497 462 498 499
 500 502 503 455 504 505 506 153 507 233 463   6 508 509 510 511 581 513
 512 514 515 516 469 517 518 519 520 521 522 523 173  91 524 389 525  49
 526 527 285 528 529 530 555 531 491 532 539 533 534 234 536 537  95 304
 538 540  20 541 438 543 544 488 244 216 136 251 545 442 161 547 546 371
 105  87 550 553 548 542 557 398  73 560 160 561 378 198 231 187  65 567
 257  29 566 559 440 590 568  39 569 554 571 572 573  96 239 574 272 313
 558 116 111 575 584 576 215 577 578 593 556 579  35 382 589 586 195 592
 570  67 318 594 595 139 596 379 597  99  43 598 562 176 346 146  48 119
 179 286 565 108 237]",35040,30,226.26072239875793
VFR600_40_10,QLearning,7043,"[364 302 582 300 482 423 135 395 357 436  15 162 467 110  60  55 120 103
  18 163 127 214   3   5   7   9  93  11   1  13 552 310 396 591 311 315
  14 109 301  16 236  22  24  26  28  30  32 501  34  36 312  38  79  52
 204  42 434  45 331 580  25  94  53  75  57  59 184 123 563  64  66  62
  68  44  70  72 134  74  77 588  81  54  82  83 196  85 535 124 276 197
 587  90 473  92  98 100 102 104 411 106 107 115 118 122 585 126 128  84
  40 152 129 131 133 138 291 334 140  86 143 145 147 148 149 151 365  69
 154 130  56 156 158  10 583 461 165 168 169 170 171 363 172 174 175 177
 178 180 183 144 186 185 188 199 206 190 191 193 194 477 200 212 202 369
 203 281 205 157  31 207 101 208 209  71 150 222 210 189 213 114 217 125
 218 227 220 219 221 223 225 226 228 229 362 224  97 232  61 235  88 155
 238 240 201 247 241 248 245 252 253 255   2  89 249 258 259 260 261 262
 263 264 265 254 267 159 164 268  41 270 271 167 287 273 274 377  27 429
 275   8 278 279 280 166 282 283 288 289 290 293 294 295 303 296  19 297
 292 298 299 277 256 466 305 323  21  58 211 306 141 307 308 309 314 317
 355 316 319 320 321 322 142 324 326 328 329 330 332 327 424 333 336 337
  46  33 338 339 359 230 340 348 549 342 335 343 345  51 246 349 350 121
 351 475 352  50 353 354 341 360 356 358 361 381 344 347 366 368 372 375
 384 376 373 400 380 266 383 181 385 387 388 390 391 393 386 394 367 397
 137  63 401 370 402 403 404 405 406 407 408 113 269 564 409 410 412 414
 415 416 417  23 418 419 413 420 421 392 284 422 399 242  47 427 374 428
 430 192 431 433 132 435  80 437 439 441 551  12 443 445 446 448 449 450
 451 452 444  78 453 454 478   4   0 456 457 458 459  17 460 426 462 250
 464 465 472 468 470 471 425 182 474 476  37 479 480 481 243  76 484 432
 485 486 487 489 490 492 494 325 493 495 496 447 112 483 497 498 499 500
 502 503 455 504 505 506 153 507 233 463   6 508 509 510 511 581 512 513
 514 515 516 469 517 518 519 520 521 522 523 173  91 524 389 525  49 526
 527 285 528 529 530 555 531 491 532 539 533 534 234 536 537  95 304 538
 540  20 541 438 543 544 488 244 216 136 251 545 442 161 547 546 371 105
  87 550 553 548 542 557 398  73 560 160 561 378 198 231 187  65 567 257
  29 566 559 440 590 568  39 569 554 571 572 117 573  96 239 574 272 313
 558 116 111 575 584 576 215 577 578 593 556 579  35 382 589 586 195 592
 570  67 318 594 595 379 596 139 597  99  43 598 562 176 346 146  48 119
 179 286 565 108 237]",35051,42,1091.7111184597015
VFR600_40_10,RandomSelection,101112,"[364 302 582 300 482 423 431 163 135 395 357 436  15 162 467 110   3 214
  55 103  18 127   5  60   7 107   9  93  11  13   1 552 310 591 311 315
  14 109 301  16 305 236  22  24  26  28  32 501  34  36 104 312  38  30
  79  52  40  42 204 434  44  45 580  25  94  53  75  54  57  59 184 123
  70 331  68  62 563 588  74 134  77  81  72  83 196  41  85  64 535 124
  82 276 197 587  90 473  92 100 411 106 115 118 120 122 585 126  84 152
 129 159 131 396 138 291  89 235 334 140  86 133 143 102 147 148 149 128
 151 365  69 461 583  10 158 156 130 154 165 168 171 169 170 172 174 175
 177  66 183 178 144 186 185 188 199 190 191 193 194 200 117 477 212 363
 369 203 180 202 281 205 157  31 206 207 150 101 208 209 210  71 222 145
 213 114 217 218 227 250 220 219 221 225 223 226 228 229 362 224  97 232
  61  88 155 238 241 240 245 201 247 248 252 253 255   2 249 263 265 254
 164 264 268 258 262 167 261 260 270 271 287 273 274 377 279 278 189   8
 275 429  98  27 280 166 282 283 288 289 267 290 293 294 295 303 296  19
  21 259 323 466 256 277 319 306 211  58 297 292 298 299 316 355 317 314
 125 309 332 330 329 328 326 142 322 321 320 141 307 308 327 424 333 339
 338 324  33  46 337 336 230 340 348 549 342 335 343 359 344 345  51 246
 349 350 121 351 475 352  50 353 360 354 341 356 361 358 381 347 373 372
 375 368 384 376 385 181 383 266 380 400 387 390 391 386 393 137 367 394
 417 397  63 401 399 370 402 403 405 406 407 408 113 269 564 409 404 410
 412 419 415 414 416 418  23 284 392 421 420 242  56  47 422 427 430 374
 428 132 192 413 433 435  80 441 439 437 551  12 443 445 446 451 450 449
 452 444 448  78 453 454 478   4   0 456 457 458 459  17 460 426 464 465
 468 470 471 388 472 425 182 474 476  37 479 480 481 484 490 243 489 487
 486 485 432 492 493 494 325  76 495 496 447 112 483 497 462 498 499 500
 502 503 512 455 504 505 506 153 507 463   6 508 509 510 581 513 511 514
 233 515 516 469 517 518 519 520 521 522 523 173  91 524 389 525  49 526
 527 285 528 529 530 555 531 491 532 539 533 534 234 536 537  95 304 538
 540  20 541 438 543 366 544 488 244 216 136 251 545 442 161 547 546 371
 105  87 550 553 548 557 542 398  73 560 160 561 198 378 231 187  65 567
 257  29 566 559 440 590 568  39 569 554 571 572 573  96 239 574 272 313
 558 116 111 575 584 576 215 577 578 593 556 579  35 382 589 586 195 592
 570  67 318 594 595 139 596 379 597  43  99  48 598 562 346 176 146 119
 179 286 565 108 237]",34873,43,263.6548635959625
VFR600_40_10,QLearning,101112,"[364 302 582 300 482 423 135 395 357 436  15 162 467 110  60  55 120 103
  18 163 127 214   3   5   7   9  93  11   1  13 552 310 396 591 311 315
  14 109 301  16 236  22  24  26  28  30  32 501  34  36 312  38  79  52
 204  42 434  45 331 580  25  94  53  75  57  59 184 123 563  64  66  62
  68  44  70  72 134  74  77 588  81  54  82  83 196  85 535 124 276 197
 587  90 473  92  98 100 102 104 411 106 107 115 118 122 585 126 128  84
  40 152 129 131 133 138 291 334 140  86 143 145 147 148 149 151 365  69
 154 130  56 156 158  10 583 461 165 168 169 170 171 363 172 174 175 177
 178 180 183 144 186 185 188 199 206 190 191 193 194 477 200 212 202 369
 203 281 205 157  31 207 101 208 209  71 150 222 210 189 213 114 217 125
 218 227 220 219 221 223 225 226 228 229 362 224  97 232  61 235  88 155
 238 240 201 247 241 248 245 252 253 255   2  89 249 258 259 260 261 262
 263 264 265 254 267 159 164 268  41 270 271 167 287 273 274 377  27 429
 275   8 278 279 280 166 282 283 288 289 290 293 294 295 303 296  19 297
 292 298 299 277 256 466 305 323  21  58 211 306 141 307 308 309 314 317
 355 316 319 320 321 322 142 324 326 328 329 330 332 327 424 333 336 337
  46  33 338 339 359 230 340 348 549 342 335 343 345  51 246 349 350 121
 351 475 352  50 353 354 341 360 356 358 361 381 344 347 366 368 372 375
 384 376 373 400 380 266 383 181 385 387 388 390 391 393 386 394 367 397
 137  63 401 370 402 403 404 405 406 407 408 113 269 564 409 410 412 414
 415 416 417  23 418 419 413 420 421 392 284 422 399 242  47 427 374 428
 430 192 431 433 132 435  80 437 439 441 551  12 443 445 446 448 449 450
 451 452 444  78 453 454 478   4   0 456 457 458 459  17 460 426 462 250
 464 465 472 468 470 471 425 182 474 476  37 479 480 481 243  76 484 432
 485 486 487 489 490 492 494 325 493 495 496 447 112 483 497 498 499 500
 502 503 455 504 505 506 153 507 233 463   6 508 509 510 511 581 512 513
 514 515 516 469 517 518 519 520 521 522 523 173  91 524 389 525  49 526
 527 285 528 529 530 555 531 491 532 539 533 534 234 536 537  95 304 538
 540  20 541 438 543 544 488 244 216 136 251 545 442 161 547 546 371 105
  87 550 553 548 542 557 398  73 560 160 561 378 198 231 187  65 567 257
  29 566 559 440 590 568  39 569 554 571 572 117 573  96 239 574 272 313
 558 116 111 575 584 576 215 577 578 593 556 579  35 382 589 586 195 592
 570  67 318 594 595 379 596 139 597  99  43 598 562 176 346 146  48 119
 179 286 565 108 237]",35051,48,938.9043505191803
VFR600_60_10,RandomSelection,0,"[271 222 545 148 282 129  45 181   7 468  31 547 173 272  13  65   3  15
  80  48  19  21  11 106  67  25  17  98 262  36 519  27  47  18  12  38
  40  49  51  81  58 532 543  55 342 315  60 507 171  62  64  53  73  75
  56  76  72 103  82  84  92  85 223 419  87 240  89  91  94  95 151 141
 117  97 100 102 461 105 108  59 111 110 113 137 114 175 116 118  99  28
 122 124 126 128 107 130 132 134  10 486 136 138 135 591  37 154 140  24
 142 145 147  32  22  30 150 162  66 152 155 579 156 161 109 159 158  69
 163 165 169 172 170 160 166 168 198  26 178 183 179 185 293 186  70 193
 191 190 189 188 196 197 443 248 200 214 202 204 551 209 207 206 574 283
 123 210 211 219  35 213 568 212 217 224 215 529 294 104 184 225  42 249
 176 226 246 228 508 229 245 231 232 233 235  68 236 238  16 241 242 247
 244 252 251 297 239 253 254  46 256 237 263 260 259 258 257 264 266 268
 368 278 423 250 270 277  77 279 273 292 275 281 575 284 285 286  74 363
 289 290 291 288 298 555 442 295 424 299 296 300   8 302 261 301 314  90
 304 305 306 280 307 199 287 308 309 311 313 143 255 317 319 318 321 322
 323  34 320 324 325 326 328 339 330 327 205  63 331 220 334 336 332 337
 346 329 345 344 340  83 347 341 269 343 120 349 557 351 208 350 352 514
 354 333 535 112 353 356 131 410 357 359 370 338   1 358 195 182 360 362
 365 364 361 366 393 369  54 372 180 187 371 473 276 375 376 378 379 380
 374 381 382 384 167 386 387 303 389 391  41 390 385 388 395 397 426 420
 398 399 401 316 394 403 404 377 400 392 405 451 406 412 373 407 418 417
  14 416 521 414 413 411 422 408 421 415 425 402 437 427 428 429  43 430
 431 432 335 435 455 436 439 440 445   6 478 438 441 446 448 510 472 453
 218 355 449 450 452 515 454 457 444 456  44 119 459 458  57 460 434 462
 146 463 464 466 475 243 409 477 469 471 470 230 467 482 476 474 312 481
 177 479 487 483 101 485  88 465 489 490 383 491 492   5 493 504 494   0
 447 495 498 496 484 488 500 497 499 433 503   2   4 518 502 367  79 501
 522  86  23 506  78 509 513  20 174 525 511 512 523 520 517  33 216 524
 516 550 526 528 527  61 530 531  52 534 536 537 539 538 540 274 541 542
 505 480 201 544 265 546 548 549 561 552 144 554  93 569 533 192 553 556
 558 559 560 127 563 564 310 565 566 234 567 562 571 584 267 572 576 578
  71 580 585 133 581 582 583 577 586 587  39 588 589 590 573 221 227 592
 139 593 594 194 595 125  29 203 596 396 149 153 597 348 598 570   9  96
 121 164 115 157  50]",37584,30,302.697149515152
VFR600_60_10,QLearning,0,"[271 392 222 545 466 443 148  56 129 282 468  45   3 596 519   7   5  31
 487 481 547 152 102  13  65 461  15  22  80  12  17  19  25  32  21 512
  36 262  18 106  42  23  44  27  47  54  49  51 532  98 543  53  40  55
 342  60 315 507 405 477  92  58 139 125 429  62  38 159 351  64  69  73
  75  72  84 103  82  48  87  28 117  95  76  89 419  91 367  94 141  97
 100 105 108  59 110 111 122 113 170 137 114  85 175 116  99 126 128 107
 134 130  10 486 132 166 136 138 135  37 140 145 142  24 147 579 165 154
 156 163 109 162 158 587 150 172 181 179 178 202 155  26 168 160 173 198
 186 185 183 187  11 189  70 293 188 190 574 193 191 200 196 197 204 104
 123 206 568 161 237 209 210 211 212 213 214 215 217 219 221 294 529 184
 225 249 246 226 176 223 228 508 245 229 231 232 233 235  81 236  35  46
  68 240 272  16 241 239 238 303 254 253 252 244 247 242 251 551 257 259
 258 263 250 264 266 268 270 260 273 292 275  77 277 278 281 589 575 279
 284 285 306 286  74 363 288 289 290 291 296 297 169 295 424 299 334 300
   8 261 302 171 314 304 457 311 309 287 307 280 305 301  90 313 143 255
 319 318 321   0 323  79 324 320 317 325  83 322 339 256 327 199 328 205
 330 331 220 333 555  66 338 120 343 340 329 345 346 269 349 391 347 557
 383 350 353 208 352 112 182 341 514 356 131 357 360 359 370 358 337 195
 151 344 366 362 365 369   1 224   9 368 180 371 372  30 373 276 375 376
 378 379 417 586 374 381 382 390 388 387 336 364 386 389 385 384  41 393
 395 433 124 397 420 398 399 354 227 401 404 316 403 377 406 400 409 407
 411 418  14 416 414 413 283 422 415 423 521 502 421 426 432 425 472   2
 427 394 361  43 440 430 335 410 439 428 445 435 437 431 436 441 448 510
   6 442 438 444 446 332 167 434 447 355 449 451 452 453 455 450 460 467
 458 459 218 473 471 465 456 470 243 592 469 312 475 119 464 463 462 474
 230 476 146 478 479 177 101  88 485 482 412 483 513 496 488 495 494 484
 493 492 490 491 504 489 497 498 500 499   4 501 174 518 503 522  86 506
  78  20 509 234 511 248 515 523 520 517 516  33 524 216 525 526 527 528
 550  61  29 531 530 533  52 539 534 326 535 536 542 544 408 537 540 538
 541 505 201 274 265 480  71 402 546 548 549 298 561 552 144 553 558 554
  93 192 207 308 556 559 560 127 563 562 564 310 565 566 571 567 572 454
 584 267 580 578 576 569 588 133 581 595 582 583 577 585 591  67 380 590
 573  57 593 194  63 594  39 396 203  34 149 153 597 348 598 570  96 121
 164 115 157 118  50]",37422,120,4086.555741071701
VFR600_60_10,RandomSelection,42,"[271 222 545 148 129 282 468  97  56  45   3   7  31 311   9 111 547 272
  13  65  80 429  15  11  19  48  21 106  25 173  67 262  27  29  47  18
 477 519  12  17  32  36  38  40  44  58  49 283  51 532 543  98  55 342
 315  60 507 171  62  64  53  73  75  76  72 103  82  92  85 419 181  87
  89  95 151  91 163 105 141 223 117 100 102 108  59 110 113  94 116 175
 114 137 118  99  28 122 126 128 107 130 132 134 124  10 486 136 138 135
 591  37 140  24 142 145  84 428 147 240  22  30 150 162 165 154 152 155
 579 158 159 109 156  66 160 161 169 172 170 187 198 166 168  26 179 183
 185 293 178 186  70 193 191 190 196 189 248 200 202 206 574 123 204 207
 237 197 210 211 224 551 209 188 212 568 213 215 219 217 228 104 294 184
 529 245 176 508 225 246 249 229 226  42 231 232 238 233 235 236  35  68
 241  16 242  81 244 247 251 252 297 239 253 254 256 257 258 259 260 221
 433 263  46 250 266 264 268 368 270 273 292 275  77 277 278 279 575 284
  74 286 363 289 290 285 295 291   8 409 300 313 299 424 298 555 288 296
 301 314 304 143 302 309 308 281 287 261 307 280 306  90 305 255 317 319
 318 321 328 327 339 330 325 324 332 322 323  34 336 320 205 337 333 220
 334 214 326 331 346 329 345 340  83 343 344 338 120 347 199 350 269 353
 349 208 351 341 352 535 354 112 514 356 131 410 357 180 359 369 364 366
 362 361 365 360 373 371 370  54 372   1 358 276 375 195 182  63 378 384
 383 382 374 376 381 380 379 391 303 393 386 387 388 389 385 408 390  41
 395 398 420 397 400 401 316 399 403 404 377 392 405 417 406 421 407 418
  14 416 521 436 414 413 411 423 415 425 426 402 427  43 430 422 335 444
 432 443 438 439 437 435 442 448 445   6 440 447 167 446 453 218 472 449
 452 450 441 510 515 454 457 451 456 119 431 455 459 458  57 355 460 461
 434 462 146 463 464 465 466 475 243 469 471 470 473 476 474 467 312 230
 478 479 481 177 489 482 483 101 485 487  88 412 557 491 492   5 493 484
 494 490 500 488 394 496 498 495   0 497 499   2 503   4 518 502 504  23
  86 522 501 506 367  78 509 234 511 512 513 523  79 520 517  33 524 174
 216 516 525 526 527 528 550  61 530 531 533  52 536 537 538 539 540 274
 542 505 549 541 480 201 544 265 548 546 561 144 552 553 554  93 192 556
 558 559 560 127 562 563 566 565 310 564 567 569 571 572 584 267 576 580
  71 581 133 582 583 577 585 586 587 588  39 589 590 227 573 534 592 139
 593 594 125 595 194 203 596 570 396 149  20 153 597 348 598  96 121 164
 578 115  69 157  50]",37563,59,609.9342086315155
VFR600_60_10,QLearning,42,"[392 271 222 148 405  45 333 590 186 129 443 173 282  56 545  41 387 468
   3   5 429 407 519   9   7  31  80 155 547  92  65  12  25  17  19  21
 106  48  34 262  27  32  18  47  29  36 283 189  42  44  49  40   1 532
  51 543  98  53  55 342 315  60 507 139  58 339  62  64  15  75 126 367
  69  67 419  73  76  94  72 103  82  84  13 169  87 229  91  95 151 117
 141  97 555 100  59 128  26 108 105 102 442 110 111 113  30 132 175 114
 137 116  99  28 355 124 130 486 140  10 138 154  37  54  24 481 135 142
 145  22 150 161  66 152 579 158 159 156 109 123 163 165 147 172 170 168
 227 166  70 198 160 178 181 183 293 185 187 191 190 188 104 574 200 204
 202 206 136 179 197 207 237 196 209 551 210 211 568 212 217 213 214 215
 224 184 294 529 219 225 249 226 246 228 176 508 258 245 231 233 235 232
  81 236  46  68 240 272  16  35 134  11 241 259 242 244 247 248 251 433
 239 256 252 253 254 257 260 263 250 266 268 270 264  77 278 279 275 281
 273 575 284 238 286  74 363 277 289 291 290 285 296 297 295 298 424 299
   8 300 301 261  63 314 171  90 303 304 305 302 306 280 307 288 287 308
 309 311 313 143 255 317 319 318 320 321  85 322 338 323 324 325 326 336
 328 205 330 331 332 220 334 337 394 120 343  83 344 340 345 329  38 378
 107 346 341 347 474 199 269 349 557 350 353 208 351 352 112 354 514 356
 131 357 359 370 358 182 361 362 223 369 195 366 365 364 360 180 372 371
 368 448 373 276 375 376 380 379 374 382 521 385 383 421 388 381 122 390
 389 391  14 397 420 398 395 414 399 400 316 401 425 393 402 479 403 404
 538 377 406 418 386 417 416 422 426 413 411 410 432 408 427  43 423 384
 415 430 335 435 428 436 437 438 439 440 444 445 167 431 462 454 193 451
 449 409 472 455 447 510 452 218 119 456 457 458  57 459 461 312 434 450
 466 463 467 465 441 243 469 475 230 471 470 473 476 162 478 177 482 327
 487 483 485 504  88 412 489 490   0 491 492 493 101 494 484 495 488 496
 498 500 497 503 499   4   2 518 502 522  86 501 506  78 509 174 234 146
 512 511 513 515 292 516 523 520 517 524 216 525  33 526 527 528  61 530
 531 533  52 534 535 536 537 539 540 274 541 542 505 480 201 544 265 548
 549 546 561 552 144 553 554  93 192 556 464 477 558 550 559 560 562 127
 563 310 565  79 566  23 569 221 572 567 584 267 564  20 576 578  71 453
 446 580 133 582  89 571 581 460 577 585 586 587  39 588 583 592   6 573
 591 593 589 594 595 125 194 596 396 203 149 153 118 597 348 598 570  96
 121 164 115 157  50]",37460,96,3295.4582476615906
VFR600_60_10,RandomSelection,93,"[271 222 541 148 282 129  56 545  45   3 591 468 547   7   9 232 519 152
 102  13  65  80  15  17  19  21 181  25  27 106  31  29 189 262  18  32
 481  36  40  42  44  49  47 125 283  51 342 585  55  53  98 543 532 315
  60 507 139  58  62 159  64  69  73  76 134  72 103  48  92  38  84  82
 419  87  89 107  91 367  94  28  95 117 141  97 105 100 108  59 110 111
 122 113 170 137 162 114  85 175 116  99 126 130 128 154   5 132  10 486
 166 136 138 135 476  12 140  37 124 183 145  22 142 150 165 579 156 158
 109 168 172 173 147 163  26 198 505  24 179 185 160  70 187  11 190 191
 574 193 188 196 225 104 200 197 202 204 186 123 206 207 161 237 209 551
 211 178 210 212 568 213 214 215 217 219 294 184 529 226 246  68 249 228
 223 245 229 239 272  16 241 240 238  35 236  81 231 242 248 244  63 230
 247 251 252 253 254 257 259 258 433 263 250 235 264 401 268 270 273 260
 292 275 266  77  46 277 508 284 278 575 281 279 285 286  74 288 171 291
 290 289 169 555 363 297 298 296 295 424 384 299 300 304   8 261 302  90
 314 303 301 305   0 280 307 306  75 287 308 309 311 313 143 255 319 325
 318 317 321 323 324 155 322 326 320 339 256 328 205 330 332 220 331 333
 334 336  66 337 338 341 120 269 343  83 344 340 345 347 329 346 199 349
 327 557 351 208 353 350 352 182 354 514 131 356 357 224 359 112 227 362
 365 360 195 370 358  54 368 369   1 364 366 151 361 180 372  30 371 373
 276 375 376 378 379 383 391 386 390 382 381 374 380 454 385  41 387 388
 389 398 397 395 393 400 316 394 403 404 377 392 402 405 399 406 408 420
 409 410 411 413 414 416  14 417 521 418 422 421 415 425  43 427 429 426
 432 558 430 335 440 435 436 439   6 442 438 443 441 437 445 446 510 447
 407 167 448 355 472 444 451 450 452 453 459 218 455 456 457 428 119  57
 434 458 460 461 467 293 462 146 233 464 463 466 475 243 449 469 470 465
 471 473 474 312 431 478 482 177 479 487 483 101  88 485 412  67 489 491
 490 492 493 484 495 535 488 494 496 497 498 518 500 499   2 501 502 144
 503 522  86   4 504 506  78  20 509 174 234 511 548 515 513 523 520 517
 516  33 524 216 525 526 527 528 550  61  79 531 530 533  52 534 536 544
 542 537 539 274 540 538 480 201 265 546 549 561 192  93 127 563 554 559
 560 552 310 565 566  23 477 567 569 578 556 571 572 584 221 562 553 576
 580 133 581 582 583 577 267 586 587  39 588 589 396 176 590 573 564 592
 593 423 512 594  34 595 203 194 149 153 597 348 598  96 596 570 121 164
 115 157 118  71  50]",37496,40,456.3323073387146
VFR600_60_10,QLearning,93,"[271 222 545 311 148 282 129  45 468  56 136 168  22   3   7   9 547 173
  13  15  31  65  80 272  17  48  19  21  11  67  25 262 106  27  29  36
  47  18 519  32  12  38  40  44  49 283  51  82 532 543  98  55 342 315
  60 507 171  62  64  53  73  75  76  72 103  84  92  85 223 419  87  89
  91  94  95 151 141 117  97 100 102  41 105  59 161 108 110  58 111 113
 137 114 116 175 118  99  28 122 126 128 109 107 130 132 154 134 591 135
 138 486  10  37 124 140  24 142  42 579 145 155 147 240 150 162  66 152
 156 159 163 181 165 169 172  35 170 198 166 160  26 179 185 293 186  70
 187 193 191 190 189 204 188 178 568 248 214 202 123 574 206 253 200 207
 237 183 209 551 197 219 213 212 211 461 215 224 529 294 184 225 249 246
 226 176 228 508 245 229 217 231 232 233 235  81 297 236  46  68 238  16
 241 242 244 247 252 260 239 256 254 368 257 258 259 433 250 264 266 263
 268 284 273 292 275  77 277 270 278 279 281 575 285 286  74 363 409 290
 291 289 296 288 555 298 295 424 383 299 304 300   8 301 261 302 314  90
 305 306 280 307 287 309 313 143 255 317 318 308 328 327 330 339 325 324
  34 323 322 321 320 205 326  63 220 332 331 334 336 333 337 346 345 344
 340 329  83 343 341 338 347 120 199 349 557 350 269 353 208 352 457 104
 112 535 354 514 356 131 357 359 369 366 351 364 365 362 373 371 372 180
  54 370   1 358 195 182 360 361 276 375 376 379 380 374  30 381 382 384
 378 391 303 393 387 388 386 389 390 505 395 397 385 251 420 398 399 400
 401 316 394 403 404 377 392 405 406 407 418 417  14 416 521 414 413 411
 410 408 422 423 421 415 425 426 402 427 429  43 431 430 335 432 435 436
 428 437 439 440 438 444 443 442   6 445 441 446 167 559 510 447 448 472
 453 218 526 355 449 452 451 515 454 456 119 455 458 459 450  57 460 434
 319 462 465 466 146 463 464 467 475 243 477 469 482 471 473 470 476 474
 230 312 487 479 481 478 177 483 485 101  88 412 489 158 490 491 492   5
 493 484 494 500 488 496 498 495   0 497 499 503   4 518 502 367 504  23
   2 501 522  86 506  20 509 174 234 511 512 523 520 517  33 216 524 516
 569 525 527 528 550 210  61 530 531 196 533  52 534 536 127 537 538 539
 274 541 542 480 201 544 265 546 548 549 561 552 144 553 554  93 192 556
 558  79 560 540 562 563 566 565 221 310 564 567 572 584 576 578  71 580
 133 581  69 571 582 583 577 585 586 587  39 588 589 590 573 227 592 139
 593 594 194 595 125 596 203 396 149 153 597 348  96 598 570 513 267  78
 121 164 115 157  50]",37587,84,2440.9838020801544
VFR600_60_10,RandomSelection,7043,"[271 392 222 434  56 279 259 333 468 215 314 245 219 487  58 541 387 494
 152 232 500  68 233 264 193 276 476 225  12 354 347 555 510 345 435 343
  76 254 269 267 350 265 470 268 257 260 262 263 443 235 255 253 186 258
 242 234 248 529 249 237 251 163 431 246 400 558 423 436 341 535 547 229
 557 162 213 172 200 346 171  60 169 207 201 243 212 537 568 324 239 228
 386 231 442 131 123 202 217 141 208 206 223 204 199 138 198 194 189 190
 181 145 188 133 175 125 144 137 134 135 307 556 126 384 230 129 589 553
 142 210 140 572 339 491 552 184 326 569 180 391 437 179 211 352 182 509
 498 497 496 495 512 514 516 531 522 511 493 525 488 524 518 490 489 492
 501 130 544 183 195 521 519 520 575 526 504 503 523 534 132 515 532 530
 356 502 527 178 571 573 574 176 166 513 154 153 155 562 165 549 161 160
 545 146 147 148 570 149 150 159 236 151 559 567 566 564 563 122 226 560
 542 543 538 374 416 113 185 227 411 539 296 413 409 412 415 414 408 156
 375 407 365 406 404 405 403 329 399 401 397 224 398 395 360 114 551 394
 205 507 366 331 548 336 330 337 334 338 340 136 358 344 143 197 561 351
 357 359 361 362 364 383 342 381 382 380 379 378 308 377 376 244 373  38
 393 287 321 320 371 370 108 369 388 389 533 390 309 158 280 367 368 349
 318 322 323 316 315 313 327 311 310 306 385 305  93 192  99  98  95  96
 100 102 103 290 319 105 106 107 101 283 110 111 505 278 277 116 117 286
 240   5 272 274 281 285 454 289 282 304 284  82  83 453  84  85 139  86
  87 241  89 167 288 256 517 578  90  91   4  88  14   8   0   6 261   9
  13 297 295 293 402 294 528  44  40  42  16 174  15  36  28  23  29  30
 109  31  32  27  26 104  24  25 363  22  17  21  18  19  33  20  10  34
  35  37  49  47 506 317  45  51  39  55 127  61 328 372 128 252  53  52
  54  57 536 168 124  59  63 121 462 461   3  62 112  97 439 173  48 419
 418 115 120 417 424 119 214 420 421 196 441 355 426 565 427  11 455 438
 425 422 429 440 432 301 433 430 428 540 444 445 446 191 187 312 447 448
  94 449 451 452 457 458 459 247 460   2 325   1 292 291 218  92 299 335
 298  41 273 300 302 456 303  81  80 554  79  78 250  75  73  74  72 410
 465 579  70  69  64  65  67 463 464 220 466 469 467 577 471 473 472  66
 480 177 479 478 481 118 474 485 484 482 170 450 483 508 499  77 580  71
 581 582 584 332 576 585 546 586 587  43 588 583 590 266 396 475 591 216
 164 593 594 209 595 596 348 550 486 157 592 203 597 477 598 221 270   7
  46 353 275 238  50]",37508,30,315.09956884384155
VFR600_60_10,QLearning,7043,"[271 113 392 259 279 457 217  56 555 314 487 387 570 434 215  58 494 541
 219 232  70 152  68 233 264 342  12 400 276 234 237 235 193 437 577 435
 343 339 350 476 265 268 363 105 347 451 263 262 260 257 254 405 253 246
 163 248 249 324 251 325 245 558 341 103 436 225 547 135 224 172 557 162
 171 346 200 537 169 207 243  60 539 242 182 239 230 568 228 231 123 535
 218 214 222 258 220 212 210 206 213 507 223  81 204 202 199 138 194 191
 439 189 188 190 133 175 158 145 137 134 126 131 141 140  11 129 174 142
 187 556 553 572 198 186 184 552 491 569 181 326 391 384 211 179 352 180
 498 497 496 495 509 514 515 423 166 512 522 516 524 149 511 489 525 493
 490 492 499 502 503 144 504 183 195 523 192 526 575 488 125 518 520 521
 534 544 530 132 571 178 549 529 356 531 532 443 574 176 510 155 513 154
 153 562 589 165 161 519 160 545 148 146 150 159 587 236 567 543 542 560
 538 559 156 566 407 564 563 227 375 416 256 151 374 404 185 345 414 413
 409 408 344 331 527 415 411 383 201 114 393 197 406 205  46 394 360 122
 334 336 377 398 369 551 330 337 358 548 340 136 143 561 351 357 359 362
 364 380 379 244 378 381 376 533 373 361 370 371 323 209 367 309 372 280
 390 318 388 247 389 349 320 386 313 315 322 316 500  93 327 311 307 385
 285  99 305 573  96 310 306 208 100 101 102  98  95 319 104 109 106 107
 108 110 111 278 277 282  76 272 274 333 283 286 281 288 116 454 117 338
 289 304  84  82  83  88  87  86 139  85  89 241 167 517  91   7  90   5
 395 297 295  40 293 296 294 528  44 368 453   4  14 240  42   9 261   8
  28 284 321  30  13  29  31  32  16   6  23   0  27  26  15  25 505  22
  17 506  21  10  20  19  18  24  33  34 128  35 402  36  51  49 317 329
  45  39  57  38  47  52 328  55  54  61  53  59  62 229 308 461   3 462
 124 112 226  97 173 168 417  48 120 119 255 115 418 121 424 419 420  63
 536 421 425 355 565 427 438 428 426 422 431 432 433 441 430 442 540 147
 354 579 440 429 252 444 445 312 447 412 449 452 458 459 448 460  80   2
 291 292 290  94 298 299  92 335  41 273 456 303 300   1 301 302  79  78
 554 455 250  75  74 410  66  72  73 465 546  69  43  65  67  64 463 464
 469 466 468 467 471 470 473 472 480 479 478 477 118 475 474 481 177 482
 483  71 484 196 485 450 508 580  77 576 170 578 403 127 581 582 365 583
 501 130 584 332 585 287 586 588 590 269 266 396 591 592 366 216 164 593
 594 382 486 595 401 596 348 446 550 157 203 597 598 221 270 397  37 353
 399 267 275 238  50]",37260,186,5690.116863250732
VFR600_60_10,RandomSelection,101112,"[271 392 222 148 405  45  56 129 282 443 545  41 387 468   5   3 429 407
 519   9   7  31  80 315  15  13 487 155  65  25 547 587  17  21  19 308
  48  34 262  18 106  42 590  36  12  27  32  51 532  49 589  98   1  53
 543  58  29  67 342  60 507 139 136  62  94  64  73 367  75  55  82  84
  72 103  97  92 442 169 419  85 229  91 179 151 141  95 555 100 117 461
 102 105 108 128  59 110 111  40 132 137 114 175 312 116  99  28 355 124
 126 130 486 140  10 138 154 351 135  37  54  24 142 145  22  30 123 158
 109 161 156 579 152  66 150 159 163 165 147 481 166 227 168 160 173 172
 170  26 181 198 293 185 178 186  70 189 574 183 190 188 191 196 187 104
 200 202 204 206 207 551 237 209 197 210 211 212 568 213 214 225 215 217
 219 224 184 294 529  87 249  76 226 246 258 508 245 233 231  68 176 232
  81 236  46 238 240 272  16  35 247 134  11 275 241 242 244 228 297 251
 490 433 259 491 239 252 235 253 254 256 107 257 260 263 250 266 268 264
  77 277 278 279 281 273 575 248 286  74 289 285 291 296 295 298 424 290
 300   8 301 261 302  63 314 171  90 304 305 306 280 319  47 307 346 288
 287 230 309 311 143 317 255 318 320 339 321 299 323 325 326 327 328 205
 322 330 331 220 394 349 334 269 337 338 303 341 120 343 199 333  83 344
 345 329 414 324 378 347 557 350 208 352 112 514 353 356 131 357 359 370
 358 369 361 182 362 223 371  44 360 364 365  38 195 366 373 372 455 180
 368 276 375 380 421 379 376 448 374 381 382 383 521 384 385 113 386 122
 390 340 388 389 391 425  14 401 397 420 398 399 400 393 316 422 402 403
 404 377 270 406 418 417 416 426 413 411 410 432 408  43 423 395 415 427
 430 436 431 335 435 489 437 438 439 440 283 445 444 167 462 447 510 284
 472 409 449 450 193 452 454 218 428 456 457 336 119 466 458 459  57 434
 463 441 475 469 243 465 476 473 470 467 471 525 474  88 451 162 478 479
 177 482 483 485 101 412   0 492 493 446 484 495 500 496 494 488 498 497
 499   2 503 518 502 522  86 504 363 506  78  20   4 509 174 192 146 234
 511 512  52 292 515 513 516 523 520 517  33 524 216 526 527 528 550  61
 531 535 534 533 530 536 537 538 540 539 274 541 542 505 201 544 480 265
 549 548 546 561 552 144 553 554  93 556 464 477 558 559 560 562 127 563
 310 565  79 566  23 567 569 313 221 571 572  69 584 267 564 576 578  71
 580 133 581 453 460  89 577 582 586 585  39 588 583 591 573 592   6 593
 594 595 125 194 203 596 396 149 153 597 348 570  96 354 501 121 332 164
 598 115 157 118  50]",37364,34,399.19476771354675
VFR600_60_10,QLearning,101112,"[271 392 545  56  48 311 570  22 297 233 359  67 103 356 515 443 507 487
 216 195 160 357 257  98 270 476 268 527 401 232 215 235 225 254 237 355
 350 343 349 347 267  15 248 136 265 263 180 290 536 259 260 461 247 262
 255 252 256  52 236 572 249 245 219 342 325 558  68 224 566 162 169 557
 568 172 200 170 565 539 537 243 242 239 319 230 497 451 555 246 229 231
 228  74 223 198 222 221 220 548 468 218 217 345 214 212 152 575 166 322
 176 573 571 178  33 314 574 489 528 547 529 503 498 436 504 549 493  81
 179 495 512 556 514 517 511 523  10 524 490 491 559 525 488 494 190 499
 492 437 446 526 516 122 227 541 410 191 209 590 210 447 175 150 151 589
 538 123 567 149 147 591 315 146 208 199 159 145 206 202 509 156 185 188
 135 189 137 144  53 186 157 125 158 535 544 510 346 181 506 182 213  12
 141 207 258 500 174 502 530 531 532 533 418 520 184 554 129 193 521 192
 126 127 519 128 131 293 132 415 154 133 463 416 161 563 562 165 153 187
 552 561 102 324 543 505 413 264 113 407 114 119 374 375 404 411 412 155
 408 414 406 405 403 269 400 399 276 402 395 338 335 139 398 394 317 383
 353 366  38 328 381 384 391 329 171 362 333  14 334 564 351 344 397 337
 378 560 340 341 336 244 379 142 389 377 360 534 380 234 393 376 429 363
 364 372 365 373 371 287 370 320 369 367 390 368 388 387 318 327 138 316
 385 386 309 196 481 307 321 305 100 280  95  97 104 106 107 101 108 323
 312 278 105 226 109 110 508 277 111 116 240 286 272 274 313 275 348 289
 304 421  82 279 288 284 285 281 183  91  13   8 283 282  83  84  86  87
  44 273  11  42  34  88 331  90 296   4 577   9  99  28  40 294  43   7
   6   5  30  16  27  29  32  31  26  24  23  18 115  25  85  35 354 358
  37  21 295  36 204  45  57  39 513  51  49  17  55 130  60  46  62 173
   3 164 120 462 112   0 306 163 124  58  59 168 445 361 261 420  47 134
 419  89 424 117 423  54 425 339 550 427 426 431 428 430 540 432 433 148
 300 301 326 241 299 298  92  94 205 211  61 480 292  41   2 459   1 460
 458 457 197 455 422 454 452  93 456 409 579  63 250 448 449 450 444 442
  75 291 438 542 583 302 251 580 578 417 576 303 434 352 308 581 546 582
  76  80  79  77  69  78 464 465 588 466 469 592 467 471 482 470 473 472
 479 167 478 475 483 551 484 485 253 435 121 595 584 586 585 587 569 453
 594 522 140 143  70 593  64  65 396 177  66 501 330 194  71  73 201 118
 474 486  72 439 266 382 440 441  20 553 332 310 477 596 203 518 496 597
 598 238  50  19  96]",37295,132,3547.3034822940826
